Workbook

Sheet 1월
A1: 2026년 1월 계약현황
A2: No. | B2: 성명 | C2: 보증금(원) | D2: 입금일/결제일 | E2: 현금/카드 | F2: 수익금(원) | G2: 최초지급일 | H2: 계좌은행 | I2: 계좌번호 | J2: 예금주 | K2: 주민등록번호 | L2: 핸드폰번호 | M2: 계약만료일 | N2: 비고
A3: 1 | B3: 신영미 | C3: 10000000 | D3: 2026.1.1 | E3: 현금 | F3: 500000 | G3: 2026.3.1 | H3: 농협은행 | I3: 312-013-5476311 | J3: 신영미 | K3: 711124-2394811 | L3: 010-3036-9756 | M3: 2028.12.31
A4: 2 | B4: 최한영 | C4: 30000000 | D4: 2026.1.2 | F4: 2028000 | G4: 2026.3.2 | H4: 농협 | I4: 356-0090-8343-33 | J4: 한동현 | K4: 640325-2229420 | L4: 010-3917-1399 | M4: 2029.1.1
A5: 3 | B5: 김정임 | C5: 10000000 | D5: 2026.1.2 | F5: 500000 | G5: 2026.3.2 | H5: 농협 | I5: 356-0090-8343-33 | J5: 한동현 | K5: 670510-2231121 | L5: 010-9261-8355 | M5: 2029.1.1
A6: 4 | B6: 한유성 | C6: 30000000 | D6: 2026.1.5 | E6: 현금 | F6: 2028000 | G6: 2026.3.5 | H6: 케이뱅크 | I6: 100-11660-33-11 | J6: 곽경호 | K6: 020107-3031438 | L6: 010-4937-8876 | M6: 2028.3.4
A7: 5 | B7: 용서연 | C7: 10000000 | D7: 2026.1.8 | E7: 현금 | F7: 800000 | G7: 2026.3.8 | H7: 농협 | I7: 130012-52-237844 | J7: 용서연 | K7: 740604-2321612 | L7: 010-8285-2846 | M7: 2029.1.7
A8: 6 | B8: 인혜수 | C8: 10000000 | D8: 2026.1.8 | E8: 현금 | F8: 800000 | G8: 2026.3.8 | H8: 농협 | I8: 301-3577-1592-11 | J8: 이하은 | K8: 631008-2806523 | L8: 010-9924-6058 | M8: 2029.1.7
A9: 7 | B9: 이세은 | C9: 10000000 | D9: 2026.1.8 | E9: 현금 | F9: 800000 | G9: 2026.3.8 | H9: 농협 | I9: 301-3577-1592-11 | J9: 이하은 | K9: 740220-2702725 | L9: 010-4742-0224 | M9: 2029.1.7
A10: 8 | B10: 최수호 | C10: 10000000 | D10: 2026.1.9 | E10: 현금(입금자:박명희) | G10: 2026.3.9 | H10: 국민 | I10: 091-24-0230-115 | J10: 박명희 | K10: 060308-3169010 | L10: 010-8785-2273 | M10: 2029.1.8
A11: 9 | B11: 주하민 | C11: 10000000 | D11: 2026.1.10 | E11: 현금 | F11: 800000 | G11: 2026.3.10 | H11: 농협 | I11: 209-12-751764 | J11: 엄혜란 | K11: 020502-3300211 | L11: 010-4506-5645 | M11: 2029.1.9
A12: 10 | B12: 한리나 | C12: 10000000 | D12: 2026.1.10 | E12: 현금 | F12: 800000 | G12: 2026.3.10 | H12: 농협 | I12: 302-1092-2478-81 | J12: 한리나 | K12: 660913-6160013 | L12: 010-3383-6172 | M12: 2029.1.9
A13: 11 | B13: 박란 | C13: 1000000 | D13: 2025.12.11 | E13: 현금 | G13: 2026.3.11 | H13: 국민 | I13: 5825-020104-9618 | J13: 박 란 | K13: 700424-2030810 | L13: 010-4277-0255 | M13: 2028.3.10
C14: 9000000 | D14: 2026.1.11 | E14: 현금
C15: 10000000 | D15: 2026.2.8 | E15: 현금(증액)
A16: 12 | B16: 김준형 | C16: 10000000 | D16: 2026.1.12 | E16: 현금 | F16: 800000 | G16: 2026.3.12 | H16: 국민 | I16: 499402-01-277094 | J16: 김준형 | K16: 831119-1081413 | L16: 010-4933-4918 | M16: 2029.1.11
A17: 한제환 | B17: 정은진 | C17: 10000000 | D17: 2026.1.13 | E17: 현금 | F17: 800000 | G17: 2026.3.13 | H17: 기업 | I17: 140-063753-01-012 | J17: 정은진 | K17: 770406-2149611 | L17: 010-5670-2699 | M17: 2029.1.12
A18: 14 | B18: 김성태 | C18: 10000000 | D18: 2026.1.19 | E18: 현금 | F18: 800000 | G18: 2026.3.19 | H18: 우리 | I18: 1002-636-158538 | J18: 김성태 | K18: 570915-1674532 | L18: 010-6663-4918 | M18: 2029.3.18
A19: 15 | B19: 김도양 | C19: 10000000 | D19: 2026.1.21 | E19: 현금 | F19: 800000 | G19: 2026.3.21 | H19: 농협 | I19: 235084-51-045854 | J19: 김효순 | K19: 650120-2109019 | L19: 010-8273-5355 | M19: 2029.1.20
A20: 16 | B20: 최철영 | C20: 10000000 | D20: 2026.1.21 | E20: 현금(입금자:박명화) | F20: 800000 | G20: 2026.3.21 | H20: 농협 | I20: 235084-51-045854 | J20: 김효순 | K20: 571015-1652843 | L20: 010-4051-5316 | M20: 2029.1.20
A21: 17 | B21: 김효순 | C21: 10000000 | D21: 2026.1.21 | E21: 현금(입금자:박명화) | F21: 800000 | G21: 2026.3.21 | H21: 농협 | I21: 235084-51-045854 | J21: 김효순 | K21: 610324-2390210 | L21: 010-8636-5323 | M21: 2029.1.20 | N21: 입금액 없음(?)
A22: 18 | B22: 김원정 | C22: 10000000 | D22: 2026.1.22 | E22: 현금 | F22: 800000 | G22: 2026.3.22 | H22: 하나 | I22: 8469-1018-128107 | J22: 김원정 | K22: 921122-2083111 | L22: 010-6775-5625 | M22: 2029.1.21
A23: 19 | B23: 조성숙 | C23: 30000000 | D23: 2026.1.26 | E23: 쿱(1/26)전환 | F23: 2028000 | G23: 2026.3.26 | H23: 농협 | I23: 487-02-085217 | J23: 조성숙 | K23: 590101-2041615 | L23: 010-2970-5367 | M23: 2029.1.25
A24: 20 | B24: 안순희 | C24: 10000000 | D24: 2026.1.27 | E24: 현금 | F24: 800000 | G24: 2026.3.27 | H24: 국민 | I24: 212-21-0737-681 | J24: 안순희 | K24: 611213-2256115 | L24: 010-4857-1953 | M24: 2029.1.26
A25: 21 | B25: 이옥현 | C25: 10000000 | D25: 2026.1.27 | E25: 현금 | F25: 800000 | G25: 2026.3.27 | H25: 국민은행 | I25: 292901-04-008958 | J25: 이옥현 | K25: 611211-2797827 | L25: 010-9019-2529 | M25: 2029.1.26 | N25: 이정운(610925-1629751,010-8612-1680)으로부터 양수
A26: 22 | B26: 노영경 | C26: 20000000 | D26: 2026.1.27 | E26: 현금 | F26: 1528000 | G26: 2026.3.27 | H26: 우리 | I26: 1002-634-570005 | J26: 노영경 | K26: 690802-2168021 | L26: 010-5315-9756 | M26: 2029.1.26 | N26: 4/23 4천추가
A27: 23 | B27: 김예원 | C27: 10250000 | D27: 2026.1.26 | E27: 카드 | F27: 800000 | G27: 2026.3.28 | H27: 신한 | I27: 110-433-117452 | J27: 김예원 | K27: 570817-2635211 | L27: 010-8289-0381 | M27: 2029.1.25
A28: 24 | B28: 최윤실 | C28: 10000000 | D28: 2026.1.29 | E28: 현금(증액) | F28: 2400000 | G28: 2026.3.28 | H28: 카카오 | I28: 3333-56-462190 | J28: 최윤실 | K28: 881107-2152010 | L28: 010-7334-5830 | M28: 2029.1.27
C29: 2000000 | D29: 2026.2.26
C30: 18000000 | D30: 2026.2.27
A31: 25 | B31: 박기운 | C31: 10000000 | D31: 2026.1.23 | E31: 현금 | F31: 1528000 | G31: 2026.3.29 | H31: 우체국 | I31: 110-0088-57720 | J31: 박기운 | K31: 600617-1002314 | L31: 010-9461-9350 | M31: 2029.1.28
C32: 10000000 | D32: 2026.2.4 | E32: 현금(증액)
A33: 26 | B33: 이현미 | C33: 1000000 | D33: 2025.12.11 | E33: 현금 | F33: 800000 | G33: 2026.3.29 | H33: 농협 | I33: 351-0308-6589-13 | J33: 안 순 | K33: 770917-2522227 | L33: 010-9678-4025 | M33: 2029.1.28
C34: 9000000 | D34: 2026.1.29 | E34: 현금
A35: 27 | B35: 김정애 | C35: 10000000 | D35: 2026.1.30 | E35: 현금(입금자:진헌주) | F35: 800000 | G35: 2026.3.30 | H35: 농협 | I35: 210-12-252612 | J35: 김정애 | K35: 690410-2330910 | L35: 010-8793-9098 | M35: 2029.1.29
A36: 28 | B36: 정미영 | C36: 10000000 | D36: 2026.1.30 | E36: 현금 | F36: 800000 | G36: 2026.3.30 | H36: 하나 | I36: 278-911442-41407 | J36: 정미영 | K36: 670112-2064022 | L36: 010-5393-9394 | M36: 2029.1.29
B37: 합 계 | C37: =SUM(C3:C36) -> 390250000

Sheet 2월
A1: 2026년 2월 계약현황
A2: No. | B2: 성명 | C2: 보증금(원) | D2: 입금일/결제일 | E2: 현금/카드 | F2: 수익금(원) | G2: 최초지급일 | H2: 계좌은행 | I2: 계좌번호 | J2: 예금주 | K2: 주민등록번호 | L2: 핸드폰번호 | M2: 계약만료일 | N2: 비고
A3: 1 | B3: 구재영 | C3: 10000000 | D3: 2026.2.1 | E3: 현금 | F3: 800000 | G3: 2026.4.1 | H3: 농협 | I3: 352-1407-036993 | J3: 구재영 | K3: 000511-3405611 | L3: 010-3847-1216 | M3: 2029.1.31 | N3: 추천인 : 심선미
C4: 10000000 | D4: 2026.4.1 | E4: 현금(증액) | F4: 800000
A5: 2 | B5: 이현정 | C5: 1000000 | D5: 2026.2.2 | E5: 현금 | F5: 800000 | G5: 2026.4.3 | H5: 신한 | I5: 605-06-611764 | J5: 이현정 | K5: 880201-2168115 | L5: 010-5229-8439 | M5: 2029.2.2
C6: 9000000 | D6: 2026.2.3 | E6: 현금
A7: 3 | B7: 최정윤 | C7: 5000000 | D7: 2026.2.2 | E7: 현금 | F7: 800000 | G7: 2026.4.3 | H7: 농협은행 | I7: 125-12-155653 | J7: 김춘자 | K7: 790813-2163427 | L7: 010-8728-7294 | M7: 2029.2.2 | N7: 계좌변경(카톡)
C8: 5000000 | D8: 2026.2.3 | E8: 현금
A9: 4 | B9: 최삼순 | C9: 19000000 | D9: 2026.2.2 | E9: 현금 | F9: 2028000 | G9: 2026.4.4 | H9: 하나 | I9: 363-810314-52607 | J9: 최삼순 | K9: 510502-2066935 | L9: 010-2937-0970 | M9: 2029.4.3
C10: 11000000 | D10: 2026.2.4 | E10: 현금(증액)
A11: 5 | B11: 기미향 | C11: 10000000 | D11: 2026.2.4 | E11: 현금 | F11: 800000 | G11: 2026.4.4 | H11: 국민 | I11: 161-21-0074-774 | J11: 기미향 | K11: 620223-2261016 | L11: 010-9999-3760 | M11: 2028.2.3
A12: 6 | B12: 김진선 | C12: 10000000 | D12: 2026.2.4 | F12: 800000 | G12: 2026.4.4 | H12: 농협 | I12: 352-0257-7656-13 | J12: 김지섭 | K12: 520826-1025417 | L12: 010-7565-7950 | M12: 2029.2.3
A13: 7 | B13: 손서연 | C13: 10000000 | D13: 2026.2.4 | E13: 현금(에이멘비) | F13: 800000 | G13: 2026.4.4 | H13: 국민 | I13: 460602-01-157376 | J13: 손서연 | K13: 730420-2267710 | L13: 010-5659-5871 | M13: 2029.2.3
A14: 8 | B14: 이명애 | C14: 10000000 | D14: 2026.2.6 | E14: 현금 | G14: 2026.4.6 | H14: 국민 | I14: 811402-04-094276 | J14: 이명애 | K14: 74027-2384414 | L14: 010-4782-9052 | M14: 2029.2.5
C15: 10000000 | D15: 2026.4.3 | E15: 현금(증액)
A16: 9 | B16: 김화정 | C16: 10000000 | D16: 2026.2.6 | E16: 현금 | G16: 2026.4.6 | H16: 국민 | I16: 781-24-0033-627 | J16: 김화정 | K16: 721127-2042043 | L16: 010-2308-6092 | M16: 2029.2.5
A17: 10 | B17: 윤시연 | C17: 10000000 | D17: 2026.2.6 | E17: 현금 | F17: 800000 | G17: 2026.4.6 | H17: 신한 | I17: 318-12-279834 | J17: 윤시연 | K17: 620522-2530514 | L17: 010-3890-2528 | M17: 2029.2.5
A18: 11 | B18: 채사랑 | C18: 10000000 | D18: 2026.2.6 | E18: 현금 | G18: 2026.4.6 | H18: 기업 | I18: 010-2722-1253 | J18: 채사랑 | K18: 801101-2528518 | L18: 010-2722-1253 | M18: 2029.2.5
A19: 12 | B19: 이정순 | C19: 1000000 | D19: 2025.12.31 | E19: 현금 | F19: 1528000 | G19: 2026.4.9 | H19: 농협 | I19: 550-02-048727 | J19: 이정순 | K19: 620504-2794611 | L19: 010-9360-1090 | M19: 2029.1.15
C20: 9000000 | D20: 2026.1.16 | E20: 현금
C21: 10000000 | D21: 2026.2.9 | E21: 현금(증액)
A22: 13 | B22: 박상극 | C22: 1000000 | D22: 2025.11.29 | E22: 현금 | G22: 2026.4.10 | H22: 신한 | I22: 110-009-483826 | J22: 박상극 | K22: 651014-1772911 | L22: 010-3389-2363 | M22: 2029.2.9
C23: 19000000 | D23: 2026.1.19 | E23: 현금
C24: 20000000 | D24: 2026.2.10 | E24: 현금(증액)
A25: 14 | B25: 하주현 | C25: 50000000 | D25: 2026.2.10 | E25: 현금 | G25: 2026.4.10 | H25: 국민 | I25: 740901-01-293331 | J25: 하주현 | K25: 701208-2055626 | L25: 010-7530-5544 | M25: 2029.2.9
A26: 15 | B26: 이표숙 | C26: 10000000 | D26: 2026.2.10 | E26: 현금 | F26: 500000 | G26: 2026.4.10 | H26: 하나 | I26: 436-910101-08607 | J26: 이표숙 | K26: 630526-2464913 | L26: 010-7313-5240 | M26: 2029.2.9
A27: 16 | B27: 고임순 | C27: 10000000 | D27: 2026.2.10 | E27: 현금 | F27: 800000 | G27: 2026.4.10 | H27: 국민 | I27: 492301-01-192856 | J27: 고임순 | K27: 610902-2025337 | L27: 010-4007-9533 | M27: 2029.2.9
A28: 17 | B28: 정혜교 | C28: 10000000 | D28: 2026.2.11 | E28: 현금 | F28: 500000 | G28: 2026.4.11 | H28: 농협 | I28: 211023-56-081416 | J28: 김영희 | K28: 001121-4216022 | L28: 010-3532-5816 | M28: 2029.2.10
A29: 18 | B29: 정혜나 | C29: 10000000 | D29: 2026.2.11 | E29: 현금 | F29: 500000 | G29: 2026.4.11 | H29: 농협 | I29: 211023-56-081416 | J29: 김영희 | K29: 970519-2216016 | L29: 010-7398-5816 | M29: 2029.2.10
A30: 19 | B30: 김은숙 | C30: 10000000 | D30: 2026.2.13 | E30: 현금 | F30: 800000 | G30: 2026.4.13 | H30: 신한 | I30: 100-253-112763 | J30: 김은숙 | K30: 660817-6780178 | L30: 010-4187-5531 | M30: 2029.2.12
A31: 20 | B31: 신채운 | C31: 10000000 | D31: 2026.2.14 | E31: 현금 | F31: 800000 | G31: 2026.4.14 | H31: 하나 | I31: 436-910045-48208 | J31: 신채운 | K31: 640112-2670710 | L31: 010-6889-6899 | M31: 2029.2.13
A32: 21 | B32: 조길자 | C32: 10000000 | D32: 2026.2.14 | E32: 현금/카드 | F32: 800000 | G32: 2026.4.14 | H32: 우체국 | I32: 013-656-02-251533 | J32: 조길자 | K32: 600720-2455946 | L32: 010-5682-0979 | M32: 2029.2.13
A33: 22 | B33: 나성우 | C33: 10000000 | D33: 2026.2.14 | E33: 현금 | F33: 800000 | G33: 2026.4.14 | H33: 우리 | I33: 1002-758-675462 | N33: 계약서 없음
A34: 23 | B34: 백서경 | C34: 10000000 | D34: 2026.2.14 | E34: 현금 | F34: 800000 | G34: 2026.4.14 | H34: 새마을 | I34: 0807-09-006407-9 | J34: 최유진 | K34: 620302-2458320 | L34: 010-3364-6259 | M34: 2029.2.13 | N34: 계좌변경
A35: 24 | B35: 나호윤 | C35: 10000000 | D35: 2026.2.14 | E35: 현금 | F35: 800000 | G35: 2026.4.14 | H35: 국민 | I35: 543001-01-178604 | J35: 이보령 | K35: 930208-1072518 | L35: 010-3547-3850 | M35: 2029.2.13
A36: 25 | B36: 이보령 | C36: 10000000 | D36: 2026.2.14 | E36: 현금 | F36: 800000 | G36: 2026.4.14 | H36: 국민 | I36: 543001-01-178604 | J36: 이보령 | K36: 651124-2120630 | L36: 010-7303-3827 | M36: 2029.2.13
A37: 26 | B37: 신승애 | C37: 10000000 | D37: 2026.1.31 | E37: 현금 | G37: 2026.4.15 | H37: 신한 | I37: 110-456-724722 | J37: 신승애 | K37: 64110- | L37: 010-6642-1368 | M37: 2029.1.30
C38: 20000000 | D38: 2026.2.25 | E38: 현금(증액)
A39: 27 | B39: 서채연 | C39: 10000000 | D39: 2026.2.15 | E39: 현금 | F39: 800000 | G39: 2026.4.15 | H39: 신한 | I39: 110-214-814507 | J39: 서채연 | K39: 551222-2005414 | L39: 010-6707-9414 | M39: 2029.2.14
A40: 28 | B40: 조정애 | C40: 10000000 | D40: 2026.2.16 | E40: 현금(입금자:정선훈) | F40: 800000 | G40: 2026.4.16 | H40: 우리 | I40: 1002-037-513462 | J40: 조정애 | K40: 640826-2037421 | L40: 010-4145-3004
A41: 29 | B41: 계동한 | C41: 10000000 | D41: 2026.2.18 | E41: 현금 | F41: 800000 | G41: 2026.4.18 | H41: 카카오 | I41: 3333-1251-53161 | J41: 계동한 | K41: 860423-1042920 | L41: 010-4468-4006 | M41: 2029.2.17
A42: 30 | B42: 채행숙 | C42: 10000000 | D42: 2026.2.18 | F42: 800000 | G42: 2026.4.18 | H42: 신한 | I42: 367-04-029314 | J42: 채행숙 | K42: 671023-2068015 | L42: 010-7566-7624 | M42: 2029.2.17
A43: 31 | B43: 김동희 | C43: 10000000 | D43: 2026.2.18 | E43: 현금 | F43: 800000 | G43: 2026.4.18 | H43: 국민 | I43: 029-24-0193-332 | J43: 김동희 | K43: 590714-2066918 | L43: 010-4557-8665 | M43: 2029.2.17 | N43: 카드결재 200만원
A44: 32 | B44: 김선영 | C44: 10000000 | D44: 2026.2.19 | E44: 현금 | F44: 800000 | G44: 2026.4.19 | H44: 국민 | I44: 422402-01-147852 | J44: 김선영 | K44: 750103-205747 | L44: 010-4619-5669 | M44: 2029.2.18
A45: 33 | B45: 김병자 | C45: 10000000 | D45: 2026.2.19 | E45: 현금 | F45: 800000 | G45: 2026.4.19 | H45: 신한 | I45: 322-12-021015 | J45: 김병자 | K45: 530102-2025618 | L45: 010-7190-7822 | M45: 2029.2.18
A46: 34 | B46: 전정례 | C46: 10000000 | D46: 2026.2.19 | E46: 현금 | F46: 800000 | G46: 2026.4.19 | H46: 농협 | I46: 221029-56-071810 | J46: 전정례 | K46: 630330-2261520 | L46: 010-2777-4372 | M46: 2029.2.18
A47: 35 | B47: 김미영 | C47: 10000000 | D47: 2026.2.20 | E47: 현금 | F47: 800000 | G47: 2026.4.20 | H47: 우리 | I47: 450-079863-02102 | J47: 김미영 | K47: 610322-2010916 | L47: 010-2710-3311 | M47: 2029.2.19
A48: 36 | B48: 조해주 | C48: 30000000 | D48: 2026.2.20 | E48: 현금(입금자:김기용) | F48: 2028000 | G48: 2026.4.20 | H48: 신협 | I48: 132-082-638127 | J48: 조해주 | K48: 661216-2684237 | L48: 010-3261-9179 | M48: 2029.2.19
A49: 37 | B49: 김정순 | C49: 10000000 | D49: 2026.2.21 | E49: 현금 | F49: 800000 | G49: 2026.4.21 | H49: 우리 | I49: 228-102846-12-001 | J49: 김정순 | K49: 630529-2056411 | L49: 010-8543-9498 | M49: 2029.2.20
A50: 38 | B50: 강보경 | C50: 10000000 | D50: 2026.2.21 | E50: 현금 | F50: 800000 | G50: 2026.4.21 | H50: 우리 | I50: 1002-240-930760 | J50: 강보경 | K50: 880226-2031318 | L50: 010-9400-2550 | M50: 2029.2.20
A51: 39 | B51: 이숙이 | C51: 60000000 | D51: 2026.2.23 | E51: 현금 | F51: 4056000 | G51: 2026.4.23 | H51: 하나 | I51: 8289-10065-730607 | J51: 이숙이 | K51: 700207-2777929 | L51: 010-6619-2363 | M51: 2029.2.22
A52: 40 | B52: 신재희 | C52: 10250000 | D52: 2026.2.25 | E52: 카드 | F52: 1528000 | G52: 2026.4.25 | H52: 국민 | I52: 475825-93-114522 | J52: 신재희 | K52: 630713-2019324 | L52: 010-4508-7280 | M52: 2029.2.24
C53: 10000000 | D53: 2026.2.25 | E53: 현금
A54: 41 | B54: 한현석 | C54: 30000000 | D54: 2026.2.25 | E54: 현금 | F54: 2028000 | G54: 2026.4.25 | H54: 국민 | I54: 284802-04-126294 | J54: 한현석 | K54: 481218-1036211 | L54: 010-6345-2705 | M54: 2029.2.25
A55: 42 | B55: 신동화 | C55: 60000000 | F55: 4056000 | G55: 2024.4.26 | H55: 농협 | I55: 103-01-471063 | J55: 김광호 | K55: 580407-2009013 | L55: 010-3113-3477 | M55: 2029.2.25
A56: 43 | B56: 김광호 | C56: 60000000 | F56: 4056000 | G56: 2024.4.26 | H56: 농협 | I56: 103-01-471063 | J56: 김광호 | K56: 551010-1821015 | L56: 010-9944-8569 | M56: 2029.4.25
A57: 44 | B57: 이옥현 | C57: 10000000 | D57: 2026.2.26 | E57: 현금 | G57: 2026.4.26 | H57: 국민 | I57: 292901-04-008958 | J57: 이옥현 | K57: 611211-2797827 | L57: 010-9019-2529 | M57: 2029.2.26 | N57: 에이멘비와 계약
B58: 김영돈 | C58: 20000000 | D58: 2026.2.26 | E58: 현금 | G58: 2026.4.26 | H58: 신한은행 | I58: 110-486-382256 | J58: =IF(B58>0,B58,"") -> 김영돈 | K58: 781126-1046718 | L58: 010-9454-5285 | M58: 2026.2.25 | N58: 계약서 없음
A59: 45 | B59: 오서현 | C59: 10000000 | D59: 2026.2.26 | E59: 현금 | F59: 800000 | G59: 2026.4.26 | H59: 기업 | I59: 125-063910-02-018 | J59: 오서현 | K59: 680522-2526331 | L59: 010-5015-3855 | M59: 2029.2.25
A60: 46 | B60: 조경 | C60: 10000000 | D60: 2026.2.27 | E60: 현금 | F60: 800000 | G60: 2026.4.27 | H60: 우리 | I60: 462-07-038636 | J60: 조경 | K60: 620117-2011321 | L60: 010-9167-9197 | M60: 2029.2.26
A61: 47 | B61: 김상리 | C61: 10000000 | D61: 2026.2.27 | F61: 800000 | G61: 2026.4.27 | H61: 국민 | I61: 78724-0026-251 | J61: 김상리 | K61: 640812-2110629 | L61: 010-3168-0759 | M61: 2029.2.26
A62: 48 | B62: 이정연 | C62: 10000000 | D62: 2026.2.28 | E62: 현금 | G62: 2026.4.28 | H62: 국민 | I62: 460602-96-114982 | J62: 이정연 | K62: 651225-2542658 | L62: 010-5498-1517 | M62: 2029.2.27
A63: 49 | B63: 권현숙 | C63: 30000000 | D63: 2026.2.28 | E63: 현금 | F63: 4056000 | G63: 2026.4.28 | H63: 신한 | I63: 110-334-530027 | J63: 권현숙 | K63: 640304-2025627 | L63: 010-5544-3219 | M63: 2029.2.27
C64: 30000000 | D64: 2026.3.6 | E64: 현금(증액)
A65: 50 | B65: 장숙영 | C65: 60000000 | D65: 2026.2.28 | E65: 쿱양도(2024.10.31) | F65: 3000000 | G65: 2026.4.30 | H65: 하나 | I65: 267-891405-71807 | J65: 장숙영 | K65: 620928-2405817 | L65: 010-9999-4823 | M65: 2029.2.27
B66: 정재선 | C66: 10000000 | D66: 46078 | E66: 현금 | G66: =IF(D66>0,EDATE(D66,2),"") -> 46137 | H66: 카카오뱅크 | I66: 3333-04-7839863 | J66: =IF(B66>0,B66,"") -> 정재선 | K66: 870203-2042519 | L66: 010-2410-0175 | M66: =IF(D66>0,EDATE(D66,36)-1,"") -> 47173
B67: 이승인 | C67: 20000000 | D67: 46059 | E67: 현금 | F67: 1528000 | G67: =IF(D67>0,EDATE(D67,2),"") -> 46118 | H67: 국민은행 | I67: 697201-00-134953 | J67: =IF(B67>0,B67,"") -> 이승인 | K67: 941214-2143321 | L67: 010-7568-5643 | M67: =IF(D67>0,EDATE(D67,36)-1,"") -> 47154
B68: 김화정 | C68: 60000000 | D68: 46059 | E68: 현금 | G68: =IF(D68>0,EDATE(D68,2),"") -> 46118 | H68: 국민은행 | I68: 781-24-0033-627 | J68: =IF(B68>0,B68,"") -> 김화정 | K68: 721127-2042043 | L68: 010-2308-6092 | M68: =IF(D68>0,EDATE(D68,36)-1,"") -> 47154
B69: 윤지현 | C69: 20000000 | D69: 46054 | E69: 현금 | G69: =IF(D69>0,EDATE(D69,2),"") -> 46113 | H69: 신한은행 | I69: 492-04-113915 | J69: =IF(B69>0,B69,"") -> 윤지현 | K69: 791215-2095014 | L69: 010-8775-9431 | M69: =IF(D69>0,EDATE(D69,36)-1,"") -> 47149 | N69: 동일날짜 계약서 2건
B70: 박지성 | C70: 20000000 | D70: 46072 | E70: 현금 | G70: =IF(D70>0,EDATE(D70,2),"") -> 46131 | H70: 우리은행 | I70: 337-410842-02-001 | J70: =IF(B70>0,B70,"") -> 박지성 | K70: 890515-1029919 | L70: 010-3123-3500 | M70: =IF(D70>0,EDATE(D70,36)-1,"") -> 47167 | N70: 계약인수(전진숙)
A71: 이정민 | B71: 계민정 | C71: 60000000 | D71: 46063 | E71: 현금 | F71: 4056000 | G71: =IF(D71>0,EDATE(D71,2),"") -> 46122 | H71: 기업은행 | I71: 040-0461580-3019 | J71: =IF(B71>0,B71,"") -> 계민정 | K71: 891214-2045211 | L71: 010-3329-4006 | M71: =IF(D71>0,EDATE(D71,36)-1,"") -> 47158
G72: =IF(D72>0,EDATE(D72,2),"") | J72: =IF(B72>0,B72,"") | M72: =IF(D72>0,EDATE(D72,36)-1,"")
G73: =IF(D73>0,EDATE(D73,2),"") | J73: =IF(B73>0,B73,"") | M73: =IF(D73>0,EDATE(D73,36)-1,"")
G74: =IF(D74>0,EDATE(D74,2),"") | J74: =IF(B74>0,B74,"") | M74: =IF(D74>0,EDATE(D74,36)-1,"")
G75: =IF(D75>0,EDATE(D75,2),"") | J75: =IF(B75>0,B75,"") | M75: =IF(D75>0,EDATE(D75,36)-1,"")
G76: =IF(D76>0,EDATE(D76,2),"") | J76: =IF(B76>0,B76,"") | M76: =IF(D76>0,EDATE(D76,36)-1,"")
G77: =IF(D77>0,EDATE(D77,2),"") | J77: =IF(B77>0,B77,"") | M77: =IF(D77>0,EDATE(D77,36)-1,"")
G78: =IF(D78>0,EDATE(D78,2),"") | J78: =IF(B78>0,B78,"") | M78: =IF(D78>0,EDATE(D78,36)-1,"")
G79: =IF(D79>0,EDATE(D79,2),"") | J79: =IF(B79>0,B79,"") | M79: =IF(D79>0,EDATE(D79,36)-1,"")
G80: =IF(D80>0,EDATE(D80,2),"") | J80: =IF(B80>0,B80,"") | M80: =IF(D80>0,EDATE(D80,36)-1,"")
G81: =IF(D81>0,EDATE(D81,2),"") | J81: =IF(B81>0,B81,"") | M81: =IF(D81>0,EDATE(D81,36)-1,"")
G82: =IF(D82>0,EDATE(D82,2),"") | J82: =IF(B82>0,B82,"") | M82: =IF(D82>0,EDATE(D82,36)-1,"")
G83: =IF(D83>0,EDATE(D83,2),"") | J83: =IF(B83>0,B83,"") | M83: =IF(D83>0,EDATE(D83,36)-1,"")
... G133: =IF(D133>0,EDATE(D133,2),"") | J133: =IF(B133>0,B133,"") | M133: =IF(D133>0,EDATE(D133,36)-1,"")

Sheet 3월
A1: 2026년 3월 계약현황
A2: 추천인 | B2: 성명 | C2: 보증금(원) | D2: 입금일/결제일 | E2: 현금/카드 | F2: 수익금(원) | G2: 최초지급일 | H2: 계좌은행 | I2: 계좌번호 | J2: 예금주 | K2: 주민등록번호 | L2: 핸드폰번호 | M2: 계약만료일 | N2: 비고
A3: 양은호 | B3: 신정환 | C3: 10000000 | D3: 46082 | E3: 현금 | F3: 800000 | G3: =EDATE(D3,2) -> 46143 | H3: 씨티은행 | I3: 421-51330-267 | J3: 나유경 | K3: 070921-3046419 | L3: 010-3600-6943 | M3: =EDATE(D3,36)-1 -> 47177 | N3: (내용확인-카톡)
A4: 경기련 | B4: 경민호 | C4: 10000000 | D4: 46083 | E4: 현금 | F4: 800000 | G4: =EDATE(D4,2) -> 46144 | H4: 카카오뱅크 | I4: 3333-34-7252756 | J4: 경기련 | K4: 720102-1109325 | L4: 010-7644-5049 | M4: =EDATE(D4,36)-1 -> 47178
B5: 강희숙 | C5: 10000000 | D5: 46084 | E5: 현금 | F5: 800000 | G5: =IF(D5>0,EDATE(D5,2),"") -> 46145 | H5: 우리은행 | I5: 1002-738-720421 | J5: 강희숙 | K5: 550124-2144011 | L5: 010-7134-5784 | M5: =IF(D5>0,EDATE(D5,36)-1,"") -> 47179
A6: 한제환 | B6: 이영희 | C6: 10000000 | D6: 46084 | E6: 현금 | F6: 800000 | G6: =IF(D6>0,EDATE(D6,2),"") -> 46145 | H6: 하나은행 | I6: 367-910374-17107 | J6: 노현주 | K6: 560110-2030517 | L6: 010-7734-1234 | M6: =IF(D6>0,EDATE(D6,36)-1,"") -> 47179
A7: 한제환 | B7: 김사승 | C7: 10000000 | D7: 46085 | E7: 현금 | F7: 800000 | G7: =IF(D7>0,EDATE(D7,2),"") -> 46146 | H7: 시티은행 | I7: 445-08484-265-01 | J7: 김사승 | K7: 590321-1249913 | L7: 010-4397-8408 | M7: =IF(D7>0,EDATE(D7,36)-1,"") -> 47180
B8: 류희자 | C8: 10000000 | D8: 46085 | E8: 카드/현금 | F8: 800000 | G8: =IF(D8>0,EDATE(D8,2),"") -> 46146 | H8: 국민은행 | I8: 825-24-0204-011 | J8: 류희자 | K8: 550226-2241313 | L8: 010-8654-7450 | M8: =IF(D8>0,EDATE(D8,36)-1,"") -> 47180
A9: 신재희 | B9: 이은정 | C9: 10000000 | D9: 46085 | F9: 500000 | G9: =IF(D9>0,EDATE(D9,2),"") -> 46146 | H9: 신한은행 | I9: 110-231-120735 | J9: 이은정 | K9: 670822-2056224 | L9: 010-3218-1738 | M9: =IF(D9>0,EDATE(D9,36)-1,"") -> 47180 | N9: 금액정보확인
A10: 안순희 | B10: 김춘봉 | C10: 10000000 | D10: 46086 | E10: 현금 | F10: 800000 | G10: =IF(D10>0,EDATE(D10,2),"") -> 46147 | H10: 농협은행 | I10: 302-1787-7879-31 | J10: 김영순 | K10: 470629-2020614 | L10: 010-6280-1703 | M10: =IF(D10>0,EDATE(D10,36)-1,"") -> 47181
B11: 박정희 | C11: 10000000 | D11: 46086 | E11: 현금 | F11: 800000 | G11: =IF(D11>0,EDATE(D11,2),"") -> 46147 | H11: 농협은행 | I11: 302-1195-2579-41 | J11: =IF(B11>0,B11,"") -> 박정희 | K11: 560115-2155131 | L11: 010-7216-3678 | M11: =IF(D11>0,EDATE(D11,36)-1,"") -> 47181
B12: 홍경미 | C12: 10000000 | D12: 46086 | E12: 현금 | F12: 800000 | G12: =IF(D12>0,EDATE(D12,2),"") -> 46147 | H12: 농협은행 | I12: 356-0782-6434-13 | J12: 이영원 | K12: 610227-2228812 | L12: 010-8297-8657 | M12: =IF(D12>0,EDATE(D12,36)-1,"") -> 47181
A13: 강장용 | B13: 이향순 | C13: 30000000 | D13: 46086 | E13: 현금 | G13: =IF(D13>0,EDATE(D13,2),"") -> 46147 | H13: 농협은행 | I13: 352-1320-5515-13 | J13: 이윤미 | K13: 571011-2522616 | L13: 010-4718-2525 | M13: =IF(D13>0,EDATE(D13,36)-1,"") -> 47181
A14: 한제환 | B14: 김영돈 | C14: 60000000 | D14: 46086 | E14: 현금 | F14: 4056000 | G14: =IF(D14>0,EDATE(D14,2),"") -> 46147 | H14: 신한은행 | I14: 110-486-382256 | J14: =IF(B14>0,B14,"") -> 김영돈 | K14: 781126-1046718 | L14: 010-9454-5285 | M14: =IF(D14>0,EDATE(D14,36)-1,"") -> 47181
A15: 박기운 | B15: 문진천 | C15: 20000000 | D15: 46086 | E15: 현금 | F15: 1528000 | G15: =IF(D15>0,EDATE(D15,2),"") -> 46147 | H15: 농협은행 | I15: 352-1158-787713 | J15: =IF(B15>0,B15,"") -> 문진천 | K15: 630520-2715614 | L15: 010-6433-7835 | M15: =IF(D15>0,EDATE(D15,36)-1,"") -> 47181
A16: 박정란 | B16: 염종수 | C16: 10000000 | D16: 46087 | E16: 현금 | F16: 800000 | G16: =IF(D16>0,EDATE(D16,2),"") -> 46148 | H16: 농협은행 | I16: 352-2327-3606-83 | J16: =IF(B16>0,B16,"") -> 염종수 | K16: 840616-1025111 | L16: 010-3207-1325 | M16: =IF(D16>0,EDATE(D16,36)-1,"") -> 47182
B17: 구성회 | C17: 10000000 | D17: 46087 | E17: 현금 | F17: 800000 | G17: =IF(D17>0,EDATE(D17,2),"") -> 46148 | H17: 농협은행 | I17: 351-1331-4641-93 | J17: =IF(B17>0,B17,"") -> 구성회 | K17: 590210-1036511 | L17: 010-5488-3177 | M17: =IF(D17>0,EDATE(D17,36)-1,"") -> 47182
B18: 김형섭 | C18: 10000000 | D18: 46084 | E18: 카드 | F18: 800000 | G18: =IF(D18>0,EDATE(D18,2),"")+3 -> 46148 | H18: 우리은행 | I18: 1002-534-998012 | J18: =IF(B18>0,B18,"") -> 김형섭 | K18: 750921-1019616 | L18: 010-8074-0381 | M18: =IF(D18>0,EDATE(D18,36)-1,"") -> 47179
B19: 김현옥 | C19: 10000000 | D19: 46084 | E19: 카드 | F19: 800000 | G19: =IF(D19>0,EDATE(D19,2),"")+3 -> 46148 | H19: 하나은행 | I19: 010-20735340-407 | J19: =IF(B19>0,B19,"") -> 김현옥 | K19: 691205-2472229 | L19: 010-7172-5340 | M19: =IF(D19>0,EDATE(D19,36)-1,"") -> 47179
A20: 한제환 | B20: 박성철 | C20: 10000000 | D20: 46088 | E20: 카드 | F20: 800000 | G20: =IF(D20>0,EDATE(D20,2),"") -> 46149 | H20: 우리은행 | I20: 1002-130-791256 | J20: =IF(B20>0,B20,"") -> 박성철 | K20: 750424-1659411 | L20: 010-4152-0191 | M20: =IF(D20>0,EDATE(D20,36)-1,"") -> 47183
A21: 한제환 | B21: 강성철 | C21: 30000000 | D21: 46089 | E21: 현금 | F21: 2028000 | G21: =IF(D21>0,EDATE(D21,2),"") -> 46150 | H21: 국민은행 | I21: 822402-04-248167 | J21: =IF(B21>0,B21,"") -> 강성철 | K21: 700725-1006821 | L21: 010-7291-7991 | M21: =IF(D21>0,EDATE(D21,36)-1,"") -> 47184 | N21: 3천만원 증액계약없음
B22: 박세영 | C22: 20000000 | D22: 46089 | E22: 현금 | F22: 1528000 | G22: =IF(D22>0,EDATE(D22,2),"") -> 46150 | H22: 기업은행 | I22: 208-127561-01-015 | J22: =IF(B22>0,B22,"") -> 박세영 | K22: 611204-1029916 | L22: 010-6342-8461 | M22: =IF(D22>0,EDATE(D22,36)-1,"") -> 47184
B23: 김양숙 | C23: 10000000 | D23: 46090 | E23: 현금 | F23: 800000 | G23: =IF(D23>0,EDATE(D23,2),"") -> 46151 | H23: 우리은행 | I23: 1002-833-448110 | J23: =IF(B23>0,B23,"") -> 김양숙 | K23: 591104-2665811 | L23: 010-8465-7237 | M23: =IF(D23>0,EDATE(D23,36)-1,"") -> 47185
B24: 신화순 | C24: 10000000 | D24: 46090 | E24: 현금 | F24: 800000 | G24: =IF(D24>0,EDATE(D24,2),"") -> 46151 | H24: 우리은행 | I24: 060-21-0124-590 | J24: =IF(B24>0,B24,"") -> 신화순 | K24: 550717-2471414 | L24: 010-5300-0681 | M24: =IF(D24>0,EDATE(D24,36)-1,"") -> 47185 | N24: 현금/카드 확인
A25: 민복돌 | B25: 박진숙 | C25: 10000000 | D25: 46090 | E25: 현금 | F25: 500000 | G25: =IF(D25>0,EDATE(D25,2),"") -> 46151 | H25: 산림조합 | I25: 113-12-0066093 | J25: =IF(B25>0,B25,"") -> 박진숙 | K25: 690311-2247712 | L25: 010-7412-5278 | M25: =IF(D25>0,EDATE(D25,36)-1,"") -> 47185
B26: 김현숙 | C26: 60000000 | D26: 46091 | E26: 현금 | F26: 4056000 | G26: =IF(D26>0,EDATE(D26,2),"") -> 46152 | H26: 우리은행 | I26: 191-346545-02-007 | J26: =IF(B26>0,B26,"") -> 김현숙 | K26: 490219-2066811 | L26: 010-4131-0269 | M26: =IF(D26>0,EDATE(D26,36)-1,"") -> 47186
B27: 김성원 | C27: 10000000 | D27: 46091 | E27: 현금 | F27: 800000 | G27: =IF(D27>0,EDATE(D27,2),"") -> 46152 | H27: 우리은행 | I27: 1002-833-448110 | J27: =IF(B27>0,B27,"") -> 김성원 | K27: 850110-1408720 | L27: 010-7932-7237 | M27: =IF(D27>0,EDATE(D27,36)-1,"") -> 47186 | N27: 현금/카드 확인
B28: 박관규 | C28: 10000000 | D28: 46091 | E28: 현금 | G28: =IF(D28>0,EDATE(D28,2),"") -> 46152 | H28: 국민은행 | I28: 827-21-0550-956 | J28: =IF(B28>0,B28,"") -> 박관규 | K28: 710225-1122633 | L28: 010-3779-0256 | M28: =IF(D28>0,EDATE(D28,36)-1,"") -> 47186
B29: 박지성 | C29: 60000000 | D29: 46091 | E29: 현금 | F29: 3000000 | G29: =IF(D29>0,EDATE(D29,2),"") -> 46152 | H29: 우리은행 | I29: 337-410842-02-001 | J29: =IF(B29>0,B29,"") -> 박지성 | K29: 890515-1029919 | L29: 010-3123-3500 | M29: =IF(D29>0,EDATE(D29,36)-1,"") -> 47186 | N29: 계약내용확인
B30: 김은정 | C30: 10000000 | D30: 46092 | G30: =IF(D30>0,EDATE(D30,2),"") -> 46153 | H30: 농협은행 | I30: 302-1822-5517-11 | J30: =IF(B30>0,B30,"") -> 김은정 | K30: 791203-2122912 | L30: 010-7686-0955 | M30: =IF(D30>0,EDATE(D30,36)-1,"") -> 47187 | N30: 현금/카드 확인
B31: 장복순 | C31: 10000000 | D31: 46093 | E31: 현금 | F31: 800000 | G31: =IF(D31>0,EDATE(D31,2),"") -> 46154 | H31: 신한은행 | I31: 326-04-626403 | J31: =IF(B31>0,B31,"") -> 장복순 | K31: 660525-2522211 | L31: 010-7721-1767 | M31: =IF(D31>0,EDATE(D31,36)-1,"") -> 47188
B32: 심건희 | C32: 10000000 | D32: 46093 | E32: 현금 | G32: =IF(D32>0,EDATE(D32,2),"") -> 46154 | H32: 농협은행 | I32: 501021-52-136575 | J32: 김은철 | K32: 620116-2548818 | L32: 010-6585-9986 | M32: =IF(D32>0,EDATE(D32,36)-1,"") -> 47188
B33: 추남수 | C33: 10000000 | D33: 46093 | E33: 현금 | F33: 800000 | G33: =IF(D33>0,EDATE(D33,2),"") -> 46154 | H33: 농협은행 | I33: 352-8571-2353-33 | J33: =IF(B33>0,B33,"") -> 추남수 | K33: 631116-1650618 | L33: 010-8571-2353 | M33: =IF(D33>0,EDATE(D33,36)-1,"") -> 47188
A34: 한제환 | B34: 박영균 | C34: 10000000 | D34: 46093 | E34: 현금 | F34: 800000 | G34: =IF(D34>0,EDATE(D34,2),"") -> 46154 | H34: 국민은행 | I34: 265-24-0052666 | J34: =IF(B34>0,B34,"") -> 박영균 | K34: 741117-1231743 | L34: 010-9642-1118 | M34: =IF(D34>0,EDATE(D34,36)-1,"") -> 47188
A35: 신재희 | B35: 박경아 | C35: 10000000 | D35: 46093 | E35: 현금 | F35: 500000 | G35: =IF(D35>0,EDATE(D35,2),"") -> 46154 | H35: 하나은행 | I35: 743-910198-36807 | J35: =IF(B35>0,B35,"") -> 박경아 | K35: 730609-2221221 | L35: 010-9623-5666 | M35: =IF(D35>0,EDATE(D35,36)-1,"") -> 47188
A36: 한제환 | B36: 김기영 | C36: 20000000 | D36: 46091 | E36: 카드 | F36: 1528000 | G36: =IF(D36>0,EDATE(D36,2),"")+3 -> 46155 | H36: 우리은행 | I36: 1002-544-828493 | J36: =IF(B36>0,B36,"") -> 김기영 | K36: 671123-1041512 | L36: 010-3770-7245 | M36: =IF(D36>0,EDATE(D36,36)-1,"") -> 47186
B37: 김행정 | C37: 10000000 | D37: 46094 | E37: 카드/현금 | F37: 800000 | G37: =IF(D37>0,EDATE(D37,2),"") -> 46155 | H37: 국민은행 | I37: 805-21-0314304 | J37: =IF(B37>0,B37,"") -> 김행정 | K37: 710526-2068123 | L37: 010-76079229 | M37: =IF(D37>0,EDATE(D37,36)-1,"") -> 47189
B38: 이재성 | C38: 10000000 | D38: 46095 | E38: 카드 | G38: =IF(D38>0,EDATE(D38,2),"") -> 46156 | H38: 카카오뱅크 | I38: 3333-21-2944218 | J38: =IF(B38>0,B38,"") -> 이재성 | K38: 020111-3171318 | L38: 010-5550-1772 | M38: =IF(D38>0,EDATE(D38,36)-1,"") -> 47190
B39: 김태영 | C39: 20000000 | D39: 46095 | E39: 현금 | F39: 1528000 | G39: =IF(D39>0,EDATE(D39,2),"") -> 46156 | H39: 농협은행 | I39: 627-12-231360 | J39: =IF(B39>0,B39,"") -> 김태영 | K39: 640210-2490411 | L39: 010-4627-8912 | M39: =IF(D39>0,EDATE(D39,36)-1,"") -> 47190
B40: 이기전 | C40: 10000000 | D40: 46095 | E40: 현금 | F40: 800000 | G40: =IF(D40>0,EDATE(D40,2),"") -> 46156 | H40: 기업은행 | I40: 142-116755-01-014 | J40: =IF(B40>0,B40,"") -> 이기전 | K40: 610619-1067132 | L40: 010-5001-0365 | M40: =IF(D40>0,EDATE(D40,36)-1,"") -> 47190
B41: 김경희 | C41: 10000000 | D41: 46095 | E41: 현금 | F41: 800000 | G41: =IF(D41>0,EDATE(D41,2),"") -> 46156 | H41: 농협은행 | I41: 171434-52-097754 | J41: =IF(B41>0,B41,"") -> 김경희 | K41: 640305-2037868 | L41: 010-8284-7258 | M41: =IF(D41>0,EDATE(D41,36)-1,"") -> 47190 | N41: (이천)
B42: 고임순 | C42: 10000000 | D42: 46095 | E42: 현금 | G42: =IF(D42>0,EDATE(D42,2),"") -> 46156 | H42: 국민은행 | I42: 492301-01-192856 | J42: =IF(B42>0,B42,"") -> 고임순 | K42: 610902-2025337 | L42: 010-4007-9533 | M42: =IF(D42>0,EDATE(D42,36)-1,"") -> 47190
A43: 인혜수 | B43: 형이슬 | C43: 10000000 | D43: 46097 | E43: 현금 | F43: 800000 | G43: =IF(D43>0,EDATE(D43,2),"") -> 46158 | H43: 신한은행 | I43: 110-511-059971 | J43: =IF(B43>0,B43,"") -> 형이슬 | K43: 940511-2561517 | L43: 010-6591-3351 | M43: =IF(D43>0,EDATE(D43,36)-1,"") -> 47192
A44: 형이슬 | B44: 형하늘이 | C44: 10000000 | D44: 46097 | E44: 현금 | F44: 500000 | G44: =IF(D44>0,EDATE(D44,2),"") -> 46158 | H44: 우리은행 | I44: 1002-9579-19954 | J44: =IF(B44>0,B44,"") -> 형하늘이 | K44: 930625-1070011 | L44: 010-3391-3351 | M44: =IF(D44>0,EDATE(D44,36)-1,"") -> 47192
B45: 권아연 | C45: 30000000 | D45: 46097 | E45: 현금 | F45: 2028000 | G45: =IF(D45>0,EDATE(D45,2),"") -> 46158 | H45: 카카오뱅크 | I45: 3333-09-0104900 | J45: =IF(B45>0,B45,"") -> 권아연 | K45: 000229-4020411 | L45: 010-9490-8931 | M45: =IF(D45>0,EDATE(D45,36)-1,"") -> 47192 | N45: 최초지급일 확인(4월)
B46: 백성원 | C46: 20000000 | D46: 46097 | E46: 현금 | F46: 1528000 | G46: =IF(D46>0,EDATE(D46,2),"") -> 46158 | H46: 신한은행 | I46: 110-440-935815 | J46: =IF(B46>0,B46,"") -> 백성원 | K46: 610221-2925721 | L46: 010-2387-4508 | M46: =IF(D46>0,EDATE(D46,36)-1,"") -> 47192
A47: 한제환 | B47: 박서영 | C47: 10000000 | D47: 46095 | E47: 카드 | F47: 800000 | G47: =IF(D47>0,EDATE(D47,2),"")+3 -> 46159 | H47: 국민은행 | I47: 051-21-0436-985 | J47: =IF(B47>0,B47,"") -> 박서영 | K47: 630220-2006817 | L47: 010-5919-8205 | M47: =IF(D47>0,EDATE(D47,36)-1,"") -> 47190
B48: 박순영 | C48: 20000000 | D48: 46098 | E48: 현금 | F48: 1528000 | G48: =IF(D48>0,EDATE(D48,2),"") -> 46159 | H48: 농협은행 | I48: 302-3077-4335-91 | J48: =IF(B48>0,B48,"") -> 박순영 | K48: 650516-2654716 | L48: 010-3077-4335 | M48: =IF(D48>0,EDATE(D48,36)-1,"") -> 47193
A49: 최지현 | B49: 김시준 | C49: 30000000 | D49: 46098 | E49: 현금 | F49: 1528000 | G49: =IF(D49>0,EDATE(D49,2),"") -> 46159 | H49: 농협은행 | I49: 356-09256522-03 | J49: =IF(B49>0,B49,"") -> 김시준 | K49: 071120-3237015 | L49: 010-5859-2406 | M49: =IF(D49>0,EDATE(D49,36)-1,"") -> 47193
B50: 최지은 | C50: 10000000 | D50: 46098 | F50: 800000 | G50: =IF(D50>0,EDATE(D50,2),"") -> 46159 | H50: 신한은행 | I50: 110-417-696839 | J50: =IF(B50>0,B50,"") -> 최지은 | K50: 700130-2095317 | L50: 010-8536-7741 | M50: =IF(D50>0,EDATE(D50,36)-1,"") -> 47193
B51: 김주은 | C51: 10000000 | D51: 46098 | E51: 현금 | F51: 800000 | G51: =IF(D51>0,EDATE(D51,2),"") -> 46159 | H51: 우리은행 | I51: 1002-037-513462 | J51: 조정애 | K51: 930507- | L51: 010-4145-3004 | M51: =IF(D51>0,EDATE(D51,36)-1,"") -> 47193
B52: 김진홍 | C52: 10000000 | D52: 46098 | E52: 카드/현금 | G52: =IF(D52>0,EDATE(D52,2),"") -> 46159 | H52: 우리은행 | I52: 1002-249-266322 | J52: =IF(B52>0,B52,"") -> 김진홍 | K52: 590710-1621611 | L52: 010-0000-2635 | M52: =IF(D52>0,EDATE(D52,36)-1,"") -> 47193 | N52: 전화번호 확인
A53: 김선영 | B53: 오현희 | C53: 10000000 | D53: 46098 | E53: 현금 | F53: 800000 | G53: =IF(D53>0,EDATE(D53,2),"") -> 46159 | H53: 국민은행 | I53: 3836-02-04-009968 | J53: =IF(B53>0,B53,"") -> 오현희 | K53: 771224-2149827 | L53: 010-9702-7951 | M53: =IF(D53>0,EDATE(D53,36)-1,"") -> 47193
B54: 박희숙 | C54: 10000000 | D54: 46098 | E54: 현금 | F54: 800000 | G54: =IF(D54>0,EDATE(D54,2),"") -> 46159 | H54: 하나은행 | I54: 499-810121-55007 | J54: =IF(B54>0,B54,"") -> 박희숙 | K54: 570603-2235417 | L54: 010-8699-2689 | M54: =IF(D54>0,EDATE(D54,36)-1,"") -> 47193
B55: 이하연 | C55: 10000000 | D55: 46098 | F55: 800000 | G55: =IF(D55>0,EDATE(D55,2),"") -> 46159 | H55: 기업은행 | I55: 025-141946-01-01 | J55: 강은숙 | K55: 940528-2170115 | L55: 010-7229-5067 | M55: =IF(D55>0,EDATE(D55,36)-1,"") -> 47193
B56: 엄복례 | C56: 10000000 | D56: 46099 | E56: 현금 | F56: 800000 | G56: =IF(D56>0,EDATE(D56,2),"") -> 46160 | H56: 국민은행 | I56: 348302-04-098644 | J56: =IF(B56>0,B56,"") -> 엄복례 | K56: 650912-2447420 | L56: 010-3884-2974 | M56: =IF(D56>0,EDATE(D56,36)-1,"") -> 47194
B57: 정운업 | C57: 30000000 | D57: 46100 | E57: 현금 | F57: 2028000 | G57: =IF(D57>0,EDATE(D57,2),"") -> 46161 | H57: 카카오뱅크 | I57: 3333-03-9797696 | J57: 김춘강 | K57: 680205-1390041 | L57: 010-5063-7844 | M57: =IF(D57>0,EDATE(D57,36)-1,"") -> 47195
A58: 서해숙 | B58: 라옥순 | C58: 10000000 | D58: 46100 | E58: 현금 | F58: 500000 | G58: =IF(D58>0,EDATE(D58,2),"") -> 46161 | H58: 국민은행 | I58: 551701-04-034047 | J58: =IF(B58>0,B58,"") -> 라옥순 | K58: 630301-2395211 | L58: 010-9453-4435 | M58: =IF(D58>0,EDATE(D58,36)-1,"") -> 47195
B59: 윤수희 | C59: 10000000 | D59: 46101 | E59: 현금 | F59: 800000 | G59: =IF(D59>0,EDATE(D59,2),"") -> 46162 | H59: 국민은행 | I59: 607302-01-133951 | J59: =IF(B59>0,B59,"") -> 윤수희 | K59: 711023-2676313 | L59: 010-9423-0123 | M59: =IF(D59>0,EDATE(D59,36)-1,"") -> 47196
B60: 김인상 | C60: 10000000 | D60: 46101 | E60: 현금 | F60: 800000 | G60: =IF(D60>0,EDATE(D60,2),"") -> 46162 | H60: 우리은행 | I60: 1002-037-513462 | J60: 조정애 | K60: 610612-1789739 | L60: 010-7722-3004 | M60: =IF(D60>0,EDATE(D60,36)-1,"") -> 47196
B61: 문진주 | C61: 30000000 | D61: 46101 | E61: 현금 | F61: 2028000 | G61: =IF(D61>0,EDATE(D61,2),"") -> 46162 | H61: 농협은행 | I61: 217051-51-081277 | J61: =IF(B61>0,B61,"") -> 문진주 | K61: 590515-2226139 | L61: 010-3588-4707 | M61: =IF(D61>0,EDATE(D61,36)-1,"") -> 47196
A62: 한제환 | B62: 최미향 | C62: 40000000 | D62: 46101 | E62: 현금 | F62: =F39*2 -> 3056000 | G62: =IF(D62>0,EDATE(D62,2),"") -> 46162 | H62: 아이엠뱅크 | I62: 508-15-653168-3 | J62: =IF(B62>0,B62,"") -> 최미향 | K62: 680505-2709423 | L62: 010-6503-5213 | M62: =IF(D62>0,EDATE(D62,36)-1,"") -> 47196
B63: 신근희 | C63: 40000000 | D63: 46101 | E63: 현금 | F63: =F39*2 -> 3056000 | G63: =IF(D63>0,EDATE(D63,2),"") -> 46162 | H63: 아이엠뱅크 | I63: 173-08-119019-001 | J63: 조희동 | K63: 710911-2817519 | L63: 010-7337-8397 | M63: =IF(D63>0,EDATE(D63,36)-1,"") -> 47196 | N63: 계약내용확인
B64: 길미정 | C64: 30000000 | D64: 46101 | E64: 현금 | F64: 2028000 | G64: =IF(D64>0,EDATE(D64,2),"") -> 46162 | H64: 농협은행 | I64: 352-0996-2056-23 | J64: =IF(B64>0,B64,"") -> 길미정 | K64: 860729-2051414 | L64: 010-9132-9068 | M64: =IF(D64>0,EDATE(D64,36)-1,"") -> 47196
B65: 김경지 | C65: 20000000 | D65: 46101 | E65: 현금 | F65: 1528000 | G65: =IF(D65>0,EDATE(D65,2),"") -> 46162 | H65: 농협은행 | I65: 090-12-094043 | J65: =IF(B65>0,B65,"") -> 김경지 | K65: 620908-2024511 | L65: 010-6435-2782 | M65: =IF(D65>0,EDATE(D65,36)-1,"") -> 47196
B66: 김용철 | C66: 10000000 | D66: 46102 | E66: 현금 | G66: =IF(D66>0,EDATE(D66,2),"") -> 46163 | H66: 농협은행 | I66: 663-02-230450 | J66: =IF(B66>0,B66,"") -> 김용철 | K66: 620516-1580721 | L66: 010-3666-5365 | M66: =IF(D66>0,EDATE(D66,36)-1,"") -> 47197
A67: 한제환 | B67: 박주덕 | C67: 10000000 | D67: 46104 | E67: 현금 | F67: 800000 | G67: =IF(D67>0,EDATE(D67,2),"") -> 46165 | H67: 신한은행 | I67: 100-023-574620 | J67: 예수교대한 | K67: 771030-1057810 | L67: 010-4187-7902 | M67: =IF(D67>0,EDATE(D67,36)-1,"") -> 47199
A68: 한제환 | B68: 최종철 | C68: 10000000 | D68: 46104 | E68: 카드/현금 | F68: 800000 | G68: =IF(D68>0,EDATE(D68,2),"") -> 46165 | H68: 농협은행 | I68: 352-0549-718893 | J68: =IF(B68>0,B68,"") -> 최종철 | K68: 650501-1268913 | L68: 010-7309-0455 | M68: =IF(D68>0,EDATE(D68,36)-1,"") -> 47199
B69: 김상향 | C69: 10000000 | D69: 46104 | E69: 현금 | F69: 800000 | G69: =IF(D69>0,EDATE(D69,2),"") -> 46165 | H69: 국민은행 | I69: 511301-01-114100 | J69: =IF(B69>0,B69,"") -> 김상향 | K69: 620220-2058318 | L69: 010-5157-2602 | M69: =IF(D69>0,EDATE(D69,36)-1,"") -> 47199
A70: 한제환 | B70: 김기현 | C70: 10000000 | D70: 46104 | E70: 현금 | F70: 800000 | G70: =IF(D70>0,EDATE(D70,2),"") -> 46165 | H70: 신한은행 | I70: 100-023-574-620 | J70: 예수교대한 | K70: 640507-1637523 | L70: 010-8782-7962 | M70: =IF(D70>0,EDATE(D70,36)-1,"") -> 47199
A71: 한제환 | B71: 박창예 | C71: 10000000 | D71: 46104 | E71: 현금 | F71: 800000 | G71: =IF(D71>0,EDATE(D71,2),"") -> 46165 | H71: 농협은행 | I71: 302-4180-6328-31 | J71: =IF(B71>0,B71,"") -> 박창예 | K71: 640827-2666011 | L71: 010-4180-6328 | M71: =IF(D71>0,EDATE(D71,36)-1,"") -> 47199
A72: 한제환 | B72: 박진현 | C72: 10000000 | D72: 46105 | E72: 현금 | F72: 800000 | G72: =IF(D72>0,EDATE(D72,2),"") -> 46166 | H72: 대구은행 | I72: 223-13-113677 | J72: =IF(B72>0,B72,"") -> 박진현 | K72: 601006-2671111 | L72: 010-6532-1231 | M72: =IF(D72>0,EDATE(D72,36)-1,"") -> 47200
A73: 한제환 | B73: 최윤정 | C73: 10000000 | D73: 46105 | E73: 현금 | F73: 800000 | G73: =IF(D73>0,EDATE(D73,2),"") -> 46166 | H73: 기업은행 | I73: 072-100750-01-014 | J73: =IF(B73>0,B73,"") -> 최윤정 | K73: 721113-2031311 | L73: 010-2322-5258 | M73: =IF(D73>0,EDATE(D73,36)-1,"") -> 47200
B74: 양진란 | D74: 46105 | G74: =IF(D74>0,EDATE(D74,2),"") -> 46166 | H74: 기업은행 | I74: 142-116755-01-014 | J74: 이기전 | K74: 680902-6101390 | L74: 010-4729-0323 | M74: =IF(D74>0,EDATE(D74,36)-1,"") -> 47200 | N74: 금액정보확인
B75: 이영애 | C75: 10000000 | D75: 46105 | E75: 현금 | F75: 800000 | G75: =IF(D75>0,EDATE(D75,2),"") -> 46166 | H75: 기업은행 | I75: 142-116755-01-014 | J75: 이기전 | K75: 701128-2691721 | L75: 010-5752-4153 | M75: =IF(D75>0,EDATE(D75,36)-1,"") -> 47200
B76: 윤정인 | C76: 30000000 | D76: 46105 | E76: 현금 | F76: 2028000 | G76: =IF(D76>0,EDATE(D76,2),"") -> 46166 | H76: 신한은행 | I76: 110-169-916359 | J76: 윤정인 | K76: 750709-2229919 | L76: 010-6541-0410 | M76: =IF(D76>0,EDATE(D76,36)-1,"") -> 47200 | N76: 은행명 확인
B77: 이영민 | C77: 10000000 | D77: 46105 | E77: 현금 | F77: 800000 | G77: =IF(D77>0,EDATE(D77,2),"") -> 46166 | H77: 기업은행 | I77: 142-116755-01-014 | J77: 이기전 | K77: 650103-1702018 | L77: 010-7940-7560 | M77: =IF(D77>0,EDATE(D77,36)-1,"") -> 47200
B78: 김순녀 | C78: 10000000 | D78: 46105 | E78: 현금 | F78: 800000 | G78: =IF(D78>0,EDATE(D78,2),"") -> 46166 | H78: 기업은행 | I78: 142-116755-01-014 | J78: 이기전 | K78: 440527-2011619 | L78: 010-5222-6307 | M78: =IF(D78>0,EDATE(D78,36)-1,"") -> 47200
A79: 한제환 | B79: 최지혜 | C79: 10000000 | D79: 46105 | E79: 현금 | F79: 800000 | G79: =IF(D79>0,EDATE(D79,2),"") -> 46166 | H79: 국민은행 | I79: 210701-04-529594 | J79: =IF(B79>0,B79,"") -> 최지혜 | K79: 660906-2009416 | L79: 010-9251-7916 | M79: =IF(D79>0,EDATE(D79,36)-1,"") -> 47200
A80: 한제환 | B80: 김남율 | C80: 10000000 | D80: 46105 | E80: - | F80: 800000 | G80: =IF(D80>0,EDATE(D80,2),"") -> 46166 | H80: 농협은행 | I80: 759-02-253080 | J80: =IF(B80>0,B80,"") -> 김남율 | K80: 650128-1691010 | L80: 010-6651-0231 | M80: =IF(D80>0,EDATE(D80,36)-1,"") -> 47200
B81: 이명자 | D81: 46105 | G81: =IF(D81>0,EDATE(D81,2),"") -> 46166 | H81: 기업은행 | I81: 142-116755-01-014 | J81: 이기전 | K81: 591008-2228513 | L81: 010-6751-5034 | M81: =IF(D81>0,EDATE(D81,36)-1,"") -> 47200 | N81: 금액정보확인
B82: 이계순 | C82: 30000000 | D82: 46105 | E82: 현금 | F82: 2028000 | G82: =IF(D82>0,EDATE(D82,2),"") -> 46166 | H82: 토스뱅크 | I82: 1000-7713-3860 | J82: =IF(B82>0,B82,"") -> 이계순 | K82: 541017-2069423 | L82: 010-7280-3579 | M82: =IF(D82>0,EDATE(D82,36)-1,"") -> 47200 | N82: 계약내용확인
B83: 김호진 | C83: 10000000 | D83: 46106 | E83: 현금 | F83: 800000 | G83: =IF(D83>0,EDATE(D83,2),"") -> 46167 | H83: 국민은행 | I83: 270-21-0151-137 | J83: =IF(B83>0,B83,"") -> 김호진 | K83: 760313-2042220 | L83: 010-7360-7257 | M83: =IF(D83>0,EDATE(D83,36)-1,"") -> 47201
A84: 백서경 | B84: 백서경 | C84: 10000000 | D84: 46106 | E84: 현금 | F84: 800000 | G84: =IF(D84>0,EDATE(D84,2),"") -> 46167 | H84: 하나은행 | I84: 406-910510-65307 | J84: 최현진 | K84: 620302-2458320 | L84: 010-3364-6259 | M84: =IF(D84>0,EDATE(D84,36)-1,"") -> 47201 | N84: 이효주(630528-2816724,010-3768-5870)로부터 양수
B85: 오윤성 | C85: 30000000 | D85: 46106 | E85: 현금 | F85: 2028000 | G85: =IF(D85>0,EDATE(D85,2),"") -> 46167 | H85: 카카오뱅크 | I85: 7942-07-39936 | J85: =IF(B85>0,B85,"") -> 오윤성 | K85: 920716-1030219 | L85: 010-5013-0164 | M85: =IF(D85>0,EDATE(D85,36)-1,"") -> 47201
B86: 윤삼순 | C86: 10000000 | D86: 46107 | E86: 카드/현금 | G86: =IF(D86>0,EDATE(D86,2),"") -> 46168 | H86: 국민은행 | I86: 852-21-0159-170 | J86: =IF(B86>0,B86,"") -> 윤삼순 | K86: 690817-2637224 | L86: 010-6343-7949 | M86: =IF(D86>0,EDATE(D86,36)-1,"") -> 47202
B87: 송의섭 | C87: 10000000 | D87: 46107 | E87: 현금 | F87: 800000 | G87: =IF(D87>0,EDATE(D87,2),"") -> 46168 | H87: 신한은행 | I87: 110-422-804247 | J87: =IF(B87>0,B87,"") -> 송의섭 | K87: 611207-1154917 | L87: 010-3459-3815 | M87: =IF(D87>0,EDATE(D87,36)-1,"") -> 47202
B88: 김경희 | C88: 30000000 | D88: 46107 | E88: 현금 | F88: 2028000 | G88: =IF(D88>0,EDATE(D88,2),"") -> 46168 | H88: 농협은행 | I88: 130011-52-167055 | J88: =IF(B88>0,B88,"") -> 김경희 | K88: 670121-2156315 | L88: 010-6321-9372 | M88: =IF(D88>0,EDATE(D88,36)-1,"") -> 47202 | N88: 송도
B89: 고영남 | D89: 46109 | G89: =IF(D89>0,EDATE(D89,2),"") -> 46170 | H89: 우리은행 | I89: 1002-028-873986 | J89: =IF(B89>0,B89,"") -> 고영남 | K89: 620421 | L89: 010-9580-3367 | M89: =IF(D89>0,EDATE(D89,36)-1,"") -> 47204 | N89: 금액정보/주민번호확인
B90: 임옥희 | D90: 46109 | G90: =IF(D90>0,EDATE(D90,2),"") -> 46170 | H90: 우리은행 | I90: 1002-028-873986 | J90: =IF(B90>0,B90,"") -> 임옥희 | K90: 610401-2565915 | L90: 010-9580-3367 | M90: =IF(D90>0,EDATE(D90,36)-1,"") -> 47204 | N90: 금액정보확인
B91: 이화진 | C91: 10000000 | D91: 46109 | E91: 현금 | F91: 800000 | G91: =IF(D91>0,EDATE(D91,2),"") -> 46170 | H91: 카카오뱅크 | I91: 3333-05-8867821 | J91: =IF(B91>0,B91,"") -> 이화진 | K91: 771205-2030031 | L91: 010-3777-1205 | M91: =IF(D91>0,EDATE(D91,36)-1,"") -> 47204
B92: 김효숙 | C92: 60000000 | D92: 46111 | E92: 현금 | F92: 4056000 | G92: =IF(D92>0,EDATE(D92,2),"") -> 46172 | H92: 국민은행 | I92: 659401-01-456861 | J92: =IF(B92>0,B92,"") -> 김효숙 | K92: 630505-2154917 | L92: 010-9007-5415 | M92: =IF(D92>0,EDATE(D92,36)-1,"") -> 47206
A93: 한제환 | B93: 변정임 | C93: 10000000 | D93: 46111 | E93: 현금 | F93: 800000 | G93: =IF(D93>0,EDATE(D93,2),"") -> 46172 | H93: 신한은행 | I93: 110-169-844720 | J93: =IF(B93>0,B93,"") -> 변정임 | K93: 660220-2810914 | L93: 010-7377-4737 | M93: =IF(D93>0,EDATE(D93,36)-1,"") -> 47206
B94: 김현철 | C94: 10000000 | D94: 46111 | E94: 현금 | F94: 800000 | G94: =IF(D94>0,EDATE(D94,2),"") -> 46172 | H94: 카카오뱅크 | I94: 3333-0592-34036 | J94: 김이안 | K94: 660830-1011222 | L94: 010-9248-9595 | M94: =IF(D94>0,EDATE(D94,36)-1,"") -> 47206
B95: 이가연 | C95: 10000000 | D95: 46111 | E95: 현금 | F95: 500000 | G95: =IF(D95>0,EDATE(D95,2),"") -> 46172 | H95: 우리은행 | I95: 1002-485-940114 | J95: =IF(B95>0,B95,"") -> 이가연 | K95: 940114-2035511 | L95: 010-3093-1368 | M95: =IF(D95>0,EDATE(D95,36)-1,"") -> 47206
B96: 최예은 | C96: 10000000 | D96: 46112 | E96: 현금 | F96: 800000 | G96: =IF(D96>0,EDATE(D96,2),"") -> 46173 | H96: 신한은행 | I96: 334-06-164408 | J96: =IF(B96>0,B96,"") -> 최예은 | K96: 630105-2025937 | L96: 010-8621-9778 | M96: =IF(D96>0,EDATE(D96,36)-1,"") -> 47207
B97: 김이안 | C97: 10000000 | D97: 46112 | E97: 현금 | F97: 800000 | G97: =IF(D97>0,EDATE(D97,2),"") -> 46173 | H97: 카카오뱅크 | I97: 3333-0592-34036 | J97: =IF(B97>0,B97,"") -> 김이안 | K97: 960227-2011233 | L97: 010-3926-4228 | M97: =IF(D97>0,EDATE(D97,36)-1,"") -> 47207
B98: 유경주 | C98: 40000000 | D98: 46112 | E98: 현금 | F98: =F22*2 -> 3056000 | G98: =IF(D98>0,EDATE(D98,2),"") -> 46173 | H98: 우리은행 | I98: 1002-942-593052 | J98: =IF(B98>0,B98,"") -> 유경주 | K98: 740710-2547911 | L98: 010-3152-3764 | M98: =IF(D98>0,EDATE(D98,36)-1,"") -> 47207
B99: 노주현 | C99: 10000000 | D99: 46107 | E99: 카드 | G99: =IF(D99>0,EDATE(D99,2),"")+3 -> 46171 | H99: 농협은행 | I99: 302-2129-4054-11 | J99: =IF(B99>0,B99,"") -> 노주현 | K99: 800626-2254014 | L99: 010-4711-8965 | M99: =IF(D99>0,EDATE(D99,36)-1,"") -> 47202
B100: 서태린 | C100: 10000000 | D100: 46112 | E100: 현금 | G100: =IF(D100>0,EDATE(D100,2),"") -> 46173 | H100: 하나은행 | I100: 391-911164-56807 | J100: 이하은 | K100: 010112-3051823 | L100: 010-8832-4391 | M100: =IF(D100>0,EDATE(D100,36)-1,"") -> 47207
...

Sheet 4월
A1: 2026년 4월 계약현황
A2: 추천인 | B2: 성명 | C2: 보증금(원) | D2: 입금일/결제일 | E2: 현금/카드 | F2: 수익금(원) | G2: 최초지급일 | H2: 계좌은행 | I2: 계좌번호 | J2: 예금주 | K2: 주민등록번호 | L2: 핸드폰번호 | M2: 계약만료일 | N2: 비고
B3: 강유나 | C3: 10000000 | D3: 46115 | E3: 카드/현금 | F3: 800000 | G3: =IF(D3>0,EDATE(D3,2),"") -> 46176 | H3: 농협은행 | I3: 302-0865-2540-21 | J3: =IF(B3>0,B3,"") -> 강유나 | K3: 040207-4238713 | L3: 010-6851-5709 | M3: =IF(D3>0,EDATE(D3,36)-1,"") -> 47210
B4: 김용규 | D4: 46114 | E4: 현금 | G4: =IF(D4>0,EDATE(D4,2),"") -> 46175 | H4: 우리은행 | I4: 1002-942-593052 | J4: =IF(B4>0,B4,"") -> 김용규 | K4: 720604-1548317 | L4: 010-3152-3764 | M4: =IF(D4>0,EDATE(D4,36)-1,"") -> 47209
B5: 유경후 | C5: 10000000 | D5: 46114 | E5: 현금 | F5: 800000 | G5: =IF(D5>0,EDATE(D5,2),"") -> 46175 | H5: 우리은행 | I5: 1002-942-593052 | J5: 유경주 | K5: 690128-2547910 | L5: 010-3152-3764 | M5: =IF(D5>0,EDATE(D5,36)-1,"") -> 47209
B6: 김주성 | C6: 20000000 | D6: 46114 | E6: 현금 | G6: =IF(D6>0,EDATE(D6,2),"") -> 46175 | H6: 우리은행 | I6: 1002-942-593052 | J6: 유경주 | K6: 080318-3496920 | L6: 010-3152-3764 | M6: =IF(D6>0,EDATE(D6,36)-1,"") -> 47209
B7: 조은영 | C7: 10000000 | D7: 46113 | E7: 현금 | F7: 800000 | G7: =IF(D7>0,EDATE(D7,2),"") -> 46174 | H7: 농협은행 | I7: 356-1499-5675-33 | J7: =IF(B7>0,B7,"") -> 조은영 | K7: 810125-2093925 | L7: 010-5106-9098 | M7: =IF(D7>0,EDATE(D7,36)-1,"") -> 47208 | N7: 계약서 2건 확인
B8: 김지선 | C8: 10000000 | D8: 46113 | E8: 현금 | F8: 800000 | G8: =IF(D8>0,EDATE(D8,2),"") -> 46174 | H8: 농협은행 | I8: 356-1446-1396-13 | J8: 최영하 | K8: 900808-201110 | L8: 010-3436-4407 | M8: =IF(D8>0,EDATE(D8,36)-1,"") -> 47208 | N8: 주민번호확인
B9: 최민주 | C9: 10000000 | D9: 46113 | E9: 현금 | F9: 800000 | G9: =IF(D9>0,EDATE(D9,2),"") -> 46174 | H9: 농협은행 | I9: 356-1446-1396-13 | J9: 최영하 | K9: 870209-1152021 | L9: 010-8950-5833 | M9: =IF(D9>0,EDATE(D9,36)-1,"") -> 47208
B10: 이옥경 | C10: 10000000 | D10: 46113 | E10: 현금 | F10: 500000 | G10: =IF(D10>0,EDATE(D10,2),"") -> 46174 | H10: 하나은행 | I10: 842-910274-60207 | J10: =IF(B10>0,B10,"") -> 이옥경 | K10: 690325-2474216 | L10: 010-6218-9613 | M10: =IF(D10>0,EDATE(D10,36)-1,"") -> 47208
B11: 윤현경 | C11: 10000000 | D11: 46115 | E11: 현금 | F11: 800000 | G11: =IF(D11>0,EDATE(D11,2),"") -> 46176 | H11: 제주은행 | I11: 19-02-304181 | J11: =IF(B11>0,B11,"") -> 윤현경 | K11: 950311-2932716 | L11: 010-9695-8749 | M11: =IF(D11>0,EDATE(D11,36)-1,"") -> 47210
B12: 김성만 | C12: 20000000 | D12: 46118 | E12: 현금 | G12: =IF(D12>0,EDATE(D12,2),"") -> 46179 | H12: 신한은행 | I12: 110-516-511430 | J12: =IF(B12>0,B12,"") -> 김성만 | K12: 570607-1017114 | L12: 010-7270-7613 | M12: =IF(D12>0,EDATE(D12,36)-1,"") -> 47213
A13: 김보은 | B13: 권은경 | C13: 10000000 | D13: 46118 | E13: 현금 | F13: 800000 | G13: =IF(D13>0,EDATE(D13,2),"") -> 46179 | H13: 국민은행 | I13: 384702-04-003448 | J13: =IF(B13>0,B13,"") -> 권은경 | K13: 700511-2469411 | L13: 010-8978-5412 | M13: =IF(D13>0,EDATE(D13,36)-1,"") -> 47213
B14: 이은영 | C14: 10000000 | D14: 46118 | E14: 현금 | G14: =IF(D14>0,EDATE(D14,2),"") -> 46179 | H14: 국민은행 | I14: 011-21-0351-355 | J14: =IF(B14>0,B14,"") -> 이은영 | K14: 630419-2538312 | L14: 010-3732-9807 | M14: =IF(D14>0,EDATE(D14,36)-1,"") -> 47213
A15: 김보은 | B15: 김혜람 | C15: 20000000 | D15: 46118 | E15: 현금 | F15: 1528000 | G15: =IF(D15>0,EDATE(D15,2),"") -> 46179 | H15: 토스은행 | I15: 1001-7743-5377 | J15: =IF(B15>0,B15,"") -> 김혜람 | K15: 750826-2010921 | L15: 010-9178-0750 | M15: =IF(D15>0,EDATE(D15,36)-1,"") -> 47213
B16: 이정하 | C16: 10000000 | D16: 46119 | E16: 현금 | F16: 800000 | G16: =IF(D16>0,EDATE(D16,2),"") -> 46180 | H16: 신한은행 | I16: 110-384-323810 | J16: =IF(B16>0,B16,"") -> 이정하 | K16: 640429-2551117 | L16: 010-3905-3988 | M16: =IF(D16>0,EDATE(D16,36)-1,"") -> 47214
B17: 김응호 | C17: 10000000 | D17: 46123 | E17: 현금 | F17: 800000 | G17: =IF(D17>0,EDATE(D17,2),"") -> 46184 | H17: 국민은행 | I17: 543001-01-178604 | J17: 이보령 | K17: 570428-1237137 | L17: 010-7142-0690 | M17: =IF(D17>0,EDATE(D17,36)-1,"") -> 47218
B18: 오경철 | D18: 46123 | G18: =IF(D18>0,EDATE(D18,2),"") -> 46184 | H18: 국민은행 | I18: 543001-01-178604 | J18: 이보령 | K18: 530820-1683119 | L18: 010-4443-2021 | M18: =IF(D18>0,EDATE(D18,36)-1,"") -> 47218 | N18: 입금정보확인
B19: 최인숙 | D19: 46123 | G19: =IF(D19>0,EDATE(D19,2),"") -> 46184 | H19: 국민은행 | I19: 543001-01-178604 | J19: 이보령 | K19: 560712-2229614 | L19: 010-3388-2272 | M19: =IF(D19>0,EDATE(D19,36)-1,"") -> 47218 | N19: 입금정보확인
B20: 김대연 | D20: 46123 | G20: =IF(D20>0,EDATE(D20,2),"") -> 46184 | H20: 국민은행 | I20: 543001-01-178604 | J20: 이보령 | K20: 811007-1702811 | L20: 010-5469-0579 | M20: =IF(D20>0,EDATE(D20,36)-1,"") -> 47218 | N20: 입금정보확인
B21: 김미원 | D21: 46123 | G21: =IF(D21>0,EDATE(D21,2),"") -> 46184 | H21: 국민은행 | I21: 543001-01-178604 | J21: 이보령 | K21: 640819-2644013 | L21: 010-9697-4379 | M21: =IF(D21>0,EDATE(D21,36)-1,"") -> 47218 | N21: 입금정보확인
B22: 고정복 | C22: 10000000 | D22: 46113 | E22: 카드 | F22: 800000 | G22: =IF(D22>0,EDATE(D22,2),"") -> 46174 | H22: 우체국은행 | I22: 013912-02-346670 | J22: 백서경 | K22: 590724-2559411 | L22: 010-2221-4734 | M22: =IF(D22>0,EDATE(D22,36)-1,"") -> 47208
B23: 김미영 | C23: 10000000 | D23: 46116 | E23: 현금 | F23: 800000 | G23: =IF(D23>0,EDATE(D23,2),"") -> 46177 | H23: 수협은행 | I23: 001-02-599-750-9 | J23: =IF(B23>0,B23,"") -> 김미영 | K23: 620115-2474412 | L23: 010-2599-7509 | M23: =IF(D23>0,EDATE(D23,36)-1,"") -> 47211
B24: 윤철홍 | C24: 10000000 | D24: 46115 | E24: 현금 | F24: 800000 | G24: =IF(D24>0,EDATE(D24,2),"") -> 46176 | H24: 농협은행 | I24: 980-02-071879 | J24: =IF(B24>0,B24,"") -> 윤철홍 | K24: 651006-1932712 | L24: 010-3077-3900 | M24: =IF(D24>0,EDATE(D24,36)-1,"") -> 47210
B25: 박준형 | C25: 10000000 | D25: 46115 | E25: 현금 | F25: 800000 | G25: =IF(D25>0,EDATE(D25,2),"") -> 46176 | H25: 우리은행 | I25: 1002-743-275072 | J25: =IF(B25>0,B25,"") -> 박준형 | K25: 880618-1253710 | L25: 010-4890-3551 | M25: =IF(D25>0,EDATE(D25,36)-1,"") -> 47210
B26: 임혜경 | C26: 10000000 | D26: 46115 | E26: 현금 | F26: 800000 | G26: =IF(D26>0,EDATE(D26,2),"") -> 46176 | H26: 농협은행 | I26: 241027-56-102170 | J26: =IF(B26>0,B26,"") -> 임혜경 | K26: 690913-2122911 | L26: 010-4720-7440 | M26: =IF(D26>0,EDATE(D26,36)-1,"") -> 47210
B27: 염보라 | C27: 10000000 | D27: 46115 | E27: 현금 | F27: 800000 | G27: =IF(D27>0,EDATE(D27,2),"") -> 46176 | H27: 토스은행 | I27: 1000-5457-2704 | J27: =IF(B27>0,B27,"") -> 염보라 | K27: 890329-2009817 | L27: 010-4476-3551 | M27: =IF(D27>0,EDATE(D27,36)-1,"") -> 47210
B28: 이해린 | C28: 20000000 | D28: 46126 | E28: 카드/현금 | G28: =IF(D28>0,EDATE(D28,2),"") -> 46187 | H28: 카카오뱅크 | I28: 3333-09-2683439 | J28: 최수연 | K28: 071110-4249620 | L28: 010-4652-5769 | M28: =IF(D28>0,EDATE(D28,36)-1,"") -> 47221 | N28: 수익금 확인
B29: 염영원 | C29: 10000000 | D29: 46126 | E29: 현금 | G29: =IF(D29>0,EDATE(D29,2),"") -> 46187 | H29: 우체국은행 | I29: 104678-02-090140 | J29: =IF(B29>0,B29,"") -> 염영원 | K29: 610118-1237216 | L29: 010-3895-0384 | M29: =IF(D29>0,EDATE(D29,36)-1,"") -> 47221
B30: 김지섭 | D30: 46123 | G30: =IF(D30>0,EDATE(D30,2),"") -> 46184 | H30: 국민은행 | I30: 543001-01-178604 | J30: 이보령 | K30: 840229-1730715 | L30: 010-4335-0369 | M30: =IF(D30>0,EDATE(D30,36)-1,"") -> 47218 | N30: 입금정보확인
B31: 김운호 | D31: 46123 | G31: =IF(D31>0,EDATE(D31,2),"") -> 46184 | H31: 국민은행 | I31: 543001-01-178604 | J31: 이보령 | K31: 591102-1548041 | L31: 010-6471-2886 | M31: =IF(D31>0,EDATE(D31,36)-1,"") -> 47218 | N31: 입금정보확인
B32: 서상진 | D32: 46123 | G32: =IF(D32>0,EDATE(D32,2),"") -> 46184 | H32: 국민은행 | I32: 543001-01-178604 | J32: 이보령 | K32: 550425-1547921 | L32: 010-8065-5448 | M32: =IF(D32>0,EDATE(D32,36)-1,"") -> 47218 | N32: 입금정보확인
B33: 김을태 | D33: 46123 | G33: =IF(D33>0,EDATE(D33,2),"") -> 46184 | H33: 국민은행 | I33: 543001-01-178604 | J33: 이보령 | K33: 560909-2001710 | L33: 010-8804-7179 | M33: =IF(D33>0,EDATE(D33,36)-1,"") -> 47218 | N33: 입금정보확인
B34: 김태희 | D34: 46123 | G34: =IF(D34>0,EDATE(D34,2),"") -> 46184 | H34: 국민은행 | I34: 543001-01-178604 | J34: 이보령 | K34: 921221-2408837 | L34: 010-5112-1416 | M34: =IF(D34>0,EDATE(D34,36)-1,"") -> 47218 | N34: 입금정보확인
B35: 김현자 | D35: 46123 | G35: =IF(D35>0,EDATE(D35,2),"") -> 46184 | H35: 국민은행 | I35: 543001-01-178604 | J35: 이보령 | K35: 600422-2543514 | L35: 010-6365-0889 | M35: =IF(D35>0,EDATE(D35,36)-1,"") -> 47218 | N35: 입금정보확인
B36: 임종숙 | D36: 46123 | G36: =IF(D36>0,EDATE(D36,2),"") -> 46184 | H36: 국민은행 | I36: 543001-01-178604 | J36: 이보령 | K36: 610722-2460019 | L36: 010-8322-2587 | M36: =IF(D36>0,EDATE(D36,36)-1,"") -> 47218 | N36: 입금정보확인
B37: 홍명희 | D37: 46123 | G37: =IF(D37>0,EDATE(D37,2),"") -> 46184 | H37: 국민은행 | I37: 543001-01-178604 | J37: 이보령 | K37: 520613-1908412 | L37: 010-3300-6897 | M37: =IF(D37>0,EDATE(D37,36)-1,"") -> 47218 | N37: 입금정보확인
B38: 송현미 | C38: 10000000 | D38: 46123 | E38: 현금 | F38: 800000 | G38: =IF(D38>0,EDATE(D38,2),"") -> 46184 | H38: 농협은행 | I38: 351-1331-464193 | J38: =IF(B38>0,B38,"") -> 송현미 | K38: 620108-2535213 | L38: 010-6689-1123 | M38: =IF(D38>0,EDATE(D38,36)-1,"") -> 47218
B39: 정윤숙 | C39: 10000000 | D39: 46123 | E39: 현금 | F39: 800000 | G39: =IF(D39>0,EDATE(D39,2),"") -> 46184 | H39: 새마을금고 | I39: 9003-3066-3314-0 | J39: =IF(B39>0,B39,"") -> 정윤숙 | K39: 670108-2812515 | L39: 010-8895-6899 | M39: =IF(D39>0,EDATE(D39,36)-1,"") -> 47218
B40: 신재교 | C40: 10000000 | D40: 46119 | E40: 현금 | F40: 500000 | G40: =IF(D40>0,EDATE(D40,2),"") -> 46180 | H40: 국민은행 | I40: 475825-88-135981 | J40: =IF(B40>0,B40,"") -> 신재교 | K40: 580525-2019323 | L40: 010-5038-2891 | M40: =IF(D40>0,EDATE(D40,36)-1,"") -> 47214 | N40: (내용확인-카톡)
B41: 최문선 | C41: 10000000 | D41: 46119 | E41: 현금 | F41: 800000 | G41: =IF(D41>0,EDATE(D41,2),"") -> 46180 | I41: 110-433-700736 | J41: =IF(B41>0,B41,"") -> 최문선 | K41: 590328-2481722 | L41: 010-8989-6734 | M41: =IF(D41>0,EDATE(D41,36)-1,"") -> 47214 | N41: 은행명 확인
B42: 차정숙 | C42: 10000000 | D42: 46120 | E42: 현금 | G42: =IF(D42>0,EDATE(D42,2),"") -> 46181 | H42: 농협은행 | I42: 352-1155-3238-63 | J42: =IF(B42>0,B42,"") -> 차정숙 | K42: 670830-2543722 | L42: 010-2266-9229 | M42: =IF(D42>0,EDATE(D42,36)-1,"") -> 47215
A43: 한제환 | B43: 나건국 | C43: 10000000 | D43: 46121 | E43: 현금 | F43: 800000 | G43: =IF(D43>0,EDATE(D43,2),"") -> 46182 | H43: 국민은행 | I43: 228-21-0813-974 | J43: =IF(B43>0,B43,"") -> 나건국 | K43: 660625-1067716 | L43: 010-8634-1255 | M43: =IF(D43>0,EDATE(D43,36)-1,"") -> 47216
B44: 이현정 | C44: 10000000 | D44: 46121 | E44: 현금 | F44: 800000 | G44: =IF(D44>0,EDATE(D44,2),"") -> 46182 | H44: 우리은행 | I44: 726-220999-02-101 | J44: =IF(B44>0,B44,"") -> 이현정 | K44: 830220-2012529 | L44: 010-3599-1626 | M44: =IF(D44>0,EDATE(D44,36)-1,"") -> 47216
B45: 최윤경 | C45: 10000000 | D45: 46122 | E45: 현금 | G45: =IF(D45>0,EDATE(D45,2),"") -> 46183 | H45: 농협은행 | I45: 352-0934-4728-03 | J45: =IF(B45>0,B45,"") -> 최윤경 | K45: 790218-2231111 | L45: 010-3124-2838 | M45: =IF(D45>0,EDATE(D45,36)-1,"") -> 47217
A46: 김보은 | B46: 이정옥 | C46: 10000000 | D46: 46122 | E46: 현금 | F46: 800000 | G46: =IF(D46>0,EDATE(D46,2),"") -> 46183 | H46: 우리은행 | I46: 1002-031-981661 | J46: =IF(B46>0,B46,"") -> 이정옥 | K46: 810603-2019513 | L46: 010-7479-2585 | M46: =IF(D46>0,EDATE(D46,36)-1,"") -> 47217 | N46: 미처리(4/29)
B47: 김선미 | C47: 10000000 | D47: 46123 | E47: 현금 | G47: =IF(D47>0,EDATE(D47,2),"") -> 46184 | H47: 신한은행 | I47: 110-520-004271 | J47: =IF(B47>0,B47,"") -> 김선미 | K47: 690825-2560411 | L47: 010-9054-8637 | M47: =IF(D47>0,EDATE(D47,36)-1,"") -> 47218
B48: 이정학 | D48: 46123 | E48: 현금 | G48: =IF(D48>0,EDATE(D48,2),"") -> 46184 | H48: 국민은행 | I48: 543001-01-178604 | J48: 이보령 | K48: 600814-1455127 | L48: 010-7318-4544 | M48: =IF(D48>0,EDATE(D48,36)-1,"") -> 47218 | N48: 입금정보확인
B49: 최원숙 | C49: 60000000 | D49: 46114 | E49: 현금 | G49: =IF(D49>0,EDATE(D49,2),"") -> 46175 | H49: 농협은행 | I49: 352-0184-939-23 | J49: =IF(B49>0,B49,"") -> 최원숙 | K49: 570414-2066920 | L49: 010-9205-5484 | M49: =IF(D49>0,EDATE(D49,36)-1,"") -> 47209 | N49: 수익금확인
B50: 김태은 | D50: 46123 | G50: =IF(D50>0,EDATE(D50,2),"") -> 46184 | H50: 국민은행 | I50: 543001-01-178604 | J50: 이보령 | K50: 870709-2470814 | L50: 010-6510-2880 | M50: =IF(D50>0,EDATE(D50,36)-1,"") -> 47218 | N50: 입금정보확인
A51: 이세은 | B51: 유정숙 | C51: 60000000 | D51: 46120 | E51: 현금 | F51: 800000 | G51: =IF(D51>0,EDATE(D51,2),"") -> 46181 | H51: 국민은행 | I51: 467725-88-1252-11 | J51: =IF(B51>0,B51,"") -> 유정숙 | K51: 560818-2009531 | L51: 010-3724-3299 | M51: =IF(D51>0,EDATE(D51,36)-1,"") -> 47215 | N51: 계약서 2건 - 증액과 지급일/수익금 확인
B52: 윤종현 | C52: 10000000 | D52: 45752 | E52: 카드/현금 | F52: 800000 | G52: =IF(D52>0,EDATE(D52,2),"") -> 45813 | H52: 농협은행 | I52: 302-0731-3144-81 | J52: =IF(B52>0,B52,"") -> 윤종현 | K52: 011215-3249611 | L52: 010-6476-9311 | M52: =IF(D52>0,EDATE(D52,36)-1,"") -> 46847
B53: 이윤신 | C53: 10000000 | D53: 46117 | E53: 카드/현금 | G53: =IF(D53>0,EDATE(D53,2),"") -> 46178 | H53: 농협은행 | I53: 184-02-051880 | J53: =IF(B53>0,B53,"") -> 이윤신 | K53: 650224-2067417 | L53: 010-4772-5325 | M53: =IF(D53>0,EDATE(D53,36)-1,"") -> 47212
B54: 변학분 | D54: 45758 | G54: =IF(D54>0,EDATE(D54,2),"") -> 45819 | H54: 국민은행 | I54: 543001-01-178604 | J54: 이보령 | K54: 621012-2244810 | L54: 010-8433-5153 | M54: =IF(D54>0,EDATE(D54,36)-1,"") -> 46853 | N54: 입금정보확인
B55: 김지성 | C55: 20000000 | D55: 46114 | E55: 현금 | F55: 1528000 | G55: =IF(D55>0,EDATE(D55,2),"") -> 46175 | H55: 우리은행 | I55: 1002-942-593052 | J55: 유경주 | K55: 061123-3496911 | L55: 010-3152-3764 | M55: =IF(D55>0,EDATE(D55,36)-1,"") -> 47209
A56: 한제환 | B56: 장부선 | C56: 10000000 | D56: 46115 | E56: 현금 | F56: 800000 | G56: =IF(D56>0,EDATE(D56,2),"") -> 46176 | H56: 우리은행 | I56: 1002-950-29715 | J56: =IF(B56>0,B56,"") -> 장부선 | K56: 580224-2118013 | L56: 010-4482-0852 | M56: =IF(D56>0,EDATE(D56,36)-1,"") -> 47210
A57: 한제환 | B57: 김영택 | C57: 10000000 | D57: 46116 | E57: 현금 | F57: 800000 | G57: =IF(D57>0,EDATE(D57,2),"") -> 46177 | H57: 기업은행 | I57: 321-022260-02-019 | J57: =IF(B57>0,B57,"") -> 김영택 | K57: 560103-1095811 | L57: 010-5057-1373 | M57: =IF(D57>0,EDATE(D57,36)-1,"") -> 47211
A58: 한제환 | B58: 배태원 | C58: 10000000 | D58: 46116 | E58: 현금 | F58: 800000 | G58: =IF(D58>0,EDATE(D58,2),"") -> 46177 | H58: 농협은행 | I58: 301-0268-6055-61 | J58: =IF(B58>0,B58,"") -> 배태원 | K58: 540115-1812355 | L58: 010-9090-3758 | M58: =IF(D58>0,EDATE(D58,36)-1,"") -> 47211
B59: 손민경 | C59: 10000000 | D59: 46119 | E59: 현금 | F59: 800000 | G59: =IF(D59>0,EDATE(D59,2),"") -> 46180 | H59: 우리은행 | I59: 1002-7552-16421 | J59: =IF(B59>0,B59,"") -> 손민경 | K59: 950103-2122619 | L59: 010-7797-0818 | M59: =IF(D59>0,EDATE(D59,36)-1,"") -> 47214
A60: 한제환 | B60: 진두홍 | C60: 10000000 | D60: 46119 | E60: 현금 | F60: 800000 | G60: =IF(D60>0,EDATE(D60,2),"") -> 46180 | H60: 아이엠뱅크 | I60: 508-13-132487-3 | J60: 진두근 | K60: 730509-1101818 | L60: 010-4408-5119 | M60: =IF(D60>0,EDATE(D60,36)-1,"") -> 47214
A61: 오서현 | B61: 김순영 | C61: 10000000 | D61: 46120 | E61: 현금 | F61: 500000 | G61: =IF(D61>0,EDATE(D61,2),"") -> 46181 | H61: 국민은행 | I61: 666201-01-462316 | J61: =IF(B61>0,B61,"") -> 김순영 | K61: 740510-2657626 | L61: 010-2329-1377 | M61: =IF(D61>0,EDATE(D61,36)-1,"") -> 47215
A62: 서혜숙 | B62: 이정민 | C62: 10000000 | D62: 46120 | E62: 현금 | F62: 800000 | G62: =IF(D62>0,EDATE(D62,2),"") -> 46181 | H62: 국민은행 | I62: 666201-01-104977 | J62: =IF(B62>0,B62,"") -> 이정민 | K62: 580206-2253917 | L62: 010-370-2466 | M62: =IF(D62>0,EDATE(D62,36)-1,"") -> 47215
B63: 김왕재 | C63: 10000000 | D63: 46121 | E63: 현금 | G63: =IF(D63>0,EDATE(D63,2),"") -> 46182 | H63: 신한은행 | I63: 110-101-589179 | J63: 정연미 | K63: 060228-3171814 | L63: 010-5234-8202 | M63: =IF(D63>0,EDATE(D63,36)-1,"") -> 47216
B64: 나건국 | C64: 10000000 | D64: 46121 | E64: 현금 | G64: =IF(D64>0,EDATE(D64,2),"") -> 46182 | H64: 신한은행 | I64: 100-023-574620 | J64: 예수교대한 | K64: 660625-1067716 | L64: 010-8634-1255 | M64: =IF(D64>0,EDATE(D64,36)-1,"") -> 47216
A65: 한제환 | B65: 홍운표 | C65: 10000000 | D65: 46121 | E65: 현금 | F65: 800000 | G65: =IF(D65>0,EDATE(D65,2),"") -> 46182 | H65: 하나은행 | I65: 010-5882-3370-207 | J65: =IF(B65>0,B65,"") -> 홍운표 | K65: 610617-1046126 | L65: 010-5882-3370 | M65: =IF(D65>0,EDATE(D65,36)-1,"") -> 47216
A66: 한제환 | B66: 손보라 | C66: 10000000 | D66: 46121 | E66: 현금 | F66: 800000 | G66: =IF(D66>0,EDATE(D66,2),"") -> 46182 | H66: 신한은행 | I66: 110-523-541020 | J66: =IF(B66>0,B66,"") -> 손보라 | K66: 661112-2400517 | L66: 010-4711-0068 | M66: =IF(D66>0,EDATE(D66,36)-1,"") -> 47216
B67: 이정순 | C67: 10000000 | D67: 46121 | E67: 현금 | G67: =IF(D67>0,EDATE(D67,2),"") -> 46182 | H67: 농협은행 | I67: 352-1228-2957-13 | J67: =IF(B67>0,B67,"") -> 이정순 | K67: 601228-2140310 | L67: 010-2249-1176 | M67: =IF(D67>0,EDATE(D67,36)-1,"") -> 47216
B68: 양장순 | C68: 10000000 | D68: 46122 | E68: 현금 | G68: =IF(D68>0,EDATE(D68,2),"") -> 46183 | H68: 국민은행 | I68: 349401-04-318133 | J68: =IF(B68>0,B68,"") -> 양장순 | K68: 530123-2051621 | L68: 010-2896-1864 | M68: =IF(D68>0,EDATE(D68,36)-1,"") -> 47217
B69: 서순화 | C69: 10000000 | D69: 46122 | E69: 현금 | F69: 800000 | G69: =IF(D69>0,EDATE(D69,2),"") -> 46183 | H69: 국민은행 | I69: 383602-04-009968 | J69: 오현희 | K69: 530620-2178110 | L69: 010-7485-3590 | M69: =IF(D69>0,EDATE(D69,36)-1,"") -> 47217
B70: 김은경 | C70: 10000000 | D70: 46122 | E70: 현금 | F70: 800000 | G70: =IF(D70>0,EDATE(D70,2),"") -> 46183 | H70: 우리은행 | I70: 365-082379-02-101 | J70: 양채영 | K70: 850916-2151713 | L70: 010-7674-1953 | M70: =IF(D70>0,EDATE(D70,36)-1,"") -> 47217
B71: 김미옥 | C71: 30000000 | D71: 46123 | E71: 현금 | F71: 2028000 | G71: =IF(D71>0,EDATE(D71,2),"") -> 46184 | H71: 농협은행 | I71: 302-7509-1009-01 | J71: =IF(B71>0,B71,"") -> 김미옥 | K71: 630507-2221818 | L71: 010-7509-1009 | M71: =IF(D71>0,EDATE(D71,36)-1,"") -> 47218
B72: 장시은 | C72: 30000000 | D72: 46123 | E72: 현금 | G72: =IF(D72>0,EDATE(D72,2),"") -> 46184 | H72: 새마을금고 | I72: 9003-2127-0143-6 | J72: =IF(B72>0,B72,"") -> 장시은 | K72: 690209-2392312 | L72: 010-7935-4429 | M72: =IF(D72>0,EDATE(D72,36)-1,"") -> 47218
A73: 한제환 | B73: 조옥자 | C73: 10000000 | D73: 46123 | E73: 현금 | F73: 800000 | G73: =IF(D73>0,EDATE(D73,2),"") -> 46184 | H73: 신협은행 | I73: 132-145-167330 | J73: =IF(B73>0,B73,"") -> 조옥자 | K73: 700926-2228412 | L73: 010-3342-6967 | M73: =IF(D73>0,EDATE(D73,36)-1,"") -> 47218
B74: 권선진 | C74: 20000000 | D74: 46124 | E74: 현금 | G74: =IF(D74>0,EDATE(D74,2),"") -> 46185 | H74: 우리은행 | I74: 1005-703-395440 | J74: =IF(B74>0,B74,"") -> 권선진 | K74: 710620-2454816 | L74: 010-6502-5695 | M74: =IF(D74>0,EDATE(D74,36)-1,"") -> 47219
B75: 최현옥 | C75: 10000000 | D75: 46124 | E75: 현금 | F75: 800000 | G75: =IF(D75>0,EDATE(D75,2),"") -> 46185 | H75: 국민은행 | I75: 086-21-0560-998 | J75: =IF(B75>0,B75,"") -> 최현옥 | K75: 600920-2023615 | L75: 010-3922-6944 | M75: =IF(D75>0,EDATE(D75,36)-1,"") -> 47219
A76: 윤철홍 | B76: 윤완재 | C76: 10000000 | D76: 46125 | E76: 현금 | F76: 500000 | G76: =IF(D76>0,EDATE(D76,2),"") -> 46186 | H76: 제주은행 | I76: 59-02-123666 | J76: =IF(B76>0,B76,"") -> 윤완재 | K76: 590528-1933013 | L76: 010-4299-5228 | M76: =IF(D76>0,EDATE(D76,36)-1,"") -> 47220
A77: 유정숙 | B77: 김동수 | C77: 20000000 | D77: 46125 | E77: 현금 | F77: 500000 | G77: =IF(D77>0,EDATE(D77,2),"") -> 46186 | H77: 농협은행 | I77: 302-1430-4714-41 | J77: =IF(B77>0,B77,"") -> 김동수 | K77: 530405-1025516 | L77: 010-7337-7114 | M77: =IF(D77>0,EDATE(D77,36)-1,"") -> 47220
A78: 이하은 | B78: 전현숙 | C78: 10000000 | D78: 46125 | E78: 현금 | F78: 500000 | G78: =IF(D78>0,EDATE(D78,2),"") -> 46186 | H78: 우리은행 | I78: 1002-854-988783 | J78: =IF(B78>0,B78,"") -> 전현숙 | K78: 730219-2051412 | L78: 010-3236-1723 | M78: =IF(D78>0,EDATE(D78,36)-1,"") -> 47220
B79: 백주경 | C79: 10000000 | D79: 46125 | E79: 현금 | F79: 500000 | G79: =IF(D79>0,EDATE(D79,2),"") -> 46186 | H79: 미래에셋증권 | I79: 2088-14837161 | J79: =IF(B79>0,B79,"") -> 백주경 | K79: 780922-2482116 | L79: 010-5956-7467 | M79: =IF(D79>0,EDATE(D79,36)-1,"") -> 47220
B80: 김정미 | C80: 10000000 | D80: 46125 | E80: 현금 | G80: =IF(D80>0,EDATE(D80,2),"") -> 46186 | H80: 농협은행 | I80: 302-1486-6343-11 | J80: =IF(B80>0,B80,"") -> 김정미 | K80: 600828-2052413 | L80: 010-3941-5205 | M80: =IF(D80>0,EDATE(D80,36)-1,"") -> 47220
B81: 이준옥 | C81: 60000000 | D81: 46127 | E81: 현금 | F81: 3000000 | G81: =IF(D81>0,EDATE(D81,2),"") -> 46188 | H81: 농협은행 | I81: 356-1520-6631-23 | J81: =IF(B81>0,B81,"") -> 이준옥 | K81: 500119-2540412 | L81: 010-5378-1314 | M81: =IF(D81>0,EDATE(D81,36)-1,"") -> 47222
B82: 강미선 | C82: 10000000 | D82: 46129 | E82: 현금 | F82: 800000 | G82: =IF(D82>0,EDATE(D82,2),"") -> 46190 | H82: 농협은행 | I82: 178505-52-040294 | J82: =IF(B82>0,B82,"") -> 강미선 | K82: 690323-2932317 | L82: 010-6798-0034 | M82: =IF(D82>0,EDATE(D82,36)-1,"") -> 47224
A83: 한제환 | B83: 양정순 | C83: 10000000 | D83: 46129 | E83: 현금 | F83: 800000 | G83: =IF(D83>0,EDATE(D83,2),"") -> 46190 | H83: 기업은행 | I83: 010-6669-7171-18 | J83: =IF(B83>0,B83,"") -> 양정순 | K83: 650617-2932710 | L83: 010-6669-7171 | M83: =IF(D83>0,EDATE(D83,36)-1,"") -> 47224
A84: 한제환 | B84: 이만우 | C84: 10000000 | D84: 46129 | E84: 카드/현금 | F84: 800000 | G84: =IF(D84>0,EDATE(D84,2),"") -> 46190 | H84: 국민은행 | I84: 354-21-0249-502 | J84: =IF(B84>0,B84,"") -> 이만우 | K84: 571013-1462718 | L84: 010-7228-6179 | M84: =IF(D84>0,EDATE(D84,36)-1,"") -> 47224
A85: 한제환 | B85: 남정배 | C85: 20000000 | D85: 46129 | E85: 현금 | F85: 1528000 | G85: =IF(D85>0,EDATE(D85,2),"") -> 46190 | H85: 농협은행 | I85: 100030-52-063222 | J85: =IF(B85>0,B85,"") -> 남정배 | K85: 710824-1815212 | L85: 010-3994-9774 | M85: =IF(D85>0,EDATE(D85,36)-1,"") -> 47224
A86: 안순희 | B86: 정귀숙 | C86: 10000000 | D86: 46130 | E86: 현금 | F86: 800000 | G86: =IF(D86>0,EDATE(D86,2),"") -> 46191 | H86: 국민은행 | I86: 210-21-1058-388 | J86: =IF(B86>0,B86,"") -> 정귀숙 | K86: 640617-2674010 | L86: 010-8230-3004 | M86: =IF(D86>0,EDATE(D86,36)-1,"") -> 47225
B87: 정선미 | C87: 10000000 | D87: 46131 | E87: 현금 | F87: 800000 | G87: =IF(D87>0,EDATE(D87,2),"") -> 46192 | H87: 농협은행 | I87: 352-1304-7794-33 | J87: =IF(B87>0,B87,"") -> 정선미 | K87: 740722-2657710 | L87: 010-7247-1234 | M87: =IF(D87>0,EDATE(D87,36)-1,"") -> 47226
B88: 정상진 | C88: 10000000 | D88: 46135 | E88: 현금 | F88: 800000 | G88: =IF(D88>0,EDATE(D88,2),"") -> 46196 | H88: 국민은행 | I88: 938002-00-739935 | J88: =IF(B88>0,B88,"") -> 정상진 | K88: 000628-3822619 | L88: 010-9907-6881 | M88: =IF(D88>0,EDATE(D88,36)-1,"") -> 47230
B89: 전영희 | C89: 10000000 | D89: 46122 | E89: 카드/현금 | F89: 800000 | G89: =IF(D89>0,EDATE(D89,2),"") -> 46183 | H89: 신협은행 | I89: 136-000-413-948 | J89: =IF(B89>0,B89,"") -> 전영희 | K89: 650901-2454920 | L89: 010-9116-0364 | M89: =IF(D89>0,EDATE(D89,36)-1,"") -> 47217
A90: 전정례 | B90: 강민정 | C90: 20000000 | D90: 46129 | E90: 카드/현금 | F90: 1528000 | G90: =IF(D90>0,EDATE(D90,2),"") -> 46190 | H90: SC제일은행 | I90: 606-20-097971 | J90: =IF(B90>0,B90,"") -> 강민정 | K90: 660618-2460210 | L90: 010-2334-8320 | M90: =IF(D90>0,EDATE(D90,36)-1,"") -> 47224 | N90: 4/20 1천만원 증액
A91: 이세은 | B91: 유정숙 | C91: 60000000 | D91: 46120 | E91: 현금 | F91: 800000 | G91: =IF(D91>0,EDATE(D91,2),"") -> 46181 | H91: 국민은행 | I91: 467725-88-1252-11 | J91: =IF(B91>0,B91,"") -> 유정숙 | K91: 560818-2009531 | L91: 010-3724-3299 | M91: =IF(D91>0,EDATE(D91,36)-1,"") -> 47215 | N91: 영수증첨부
B92: 서인숙 | C92: 10000000 | D92: 46135 | E92: 카드 | F92: 500000 | G92: =IF(D92>0,EDATE(D92,2),"") -> 46196 | H92: 농협은행 | I92: 302-1757-3330-11 | J92: =IF(B92>0,B92,"") -> 서인숙 | K92: 480522-2029429 | L92: 010-7487-1478 | M92: =IF(D92>0,EDATE(D92,36)-1,"") -> 47230 | N92: 김점순으로부터 양수
B93: 한제환 | C93: 20000000 | D93: 46121 | E93: 현금 | F93: 1528000 | G93: =IF(D93>0,EDATE(D93,2),"") -> 46182 | H93: 신한은행 | I93: 335-13-002410 | J93: =IF(B93>0,B93,"") -> 한제환 | K93: 701224-1149613 | L93: 010-2301-0208 | M93: =IF(D93>0,EDATE(D93,36)-1,"") -> 47216
B94: 이표숙 | C94: 20000000 | D94: 46136 | E94: 현금 | F94: 1000000 | G94: =IF(D94>0,EDATE(D94,2),"") -> 46197 | H94: 하나은행 | I94: 436-910101-08607 | J94: =IF(B94>0,B94,"") -> 이표숙 | K94: 630526-2464913 | L94: 010-7313-5240 | M94: =IF(D94>0,EDATE(D94,36)-1,"") -> 47231
B95: 인명숙 | C95: 10000000 | D95: 46132 | E95: 현금 | F95: 1200000 | G95: =IF(D95>0,EDATE(D95,2),"") -> 46193 | H95: 신한은행 | I95: 110-442-293576 | J95: =IF(B95>0,B95,"") -> 인명숙 | K95: 610904-2806511 | L95: 010-4448-7540 | M95: =IF(D95>0,EDATE(D95,36)-1,"") -> 47227
B96: 김송금 | C96: 10000000 | D96: 46133 | E96: 현금 | F96: 800000 | G96: =IF(D96>0,EDATE(D96,2),"") -> 46194 | H96: 국민은행 | I96: 759302-01-298188 | J96: =IF(B96>0,B96,"") -> 김송금 | K96: 841114-2566232 | L96: 010-5656-8991 | M96: =IF(D96>0,EDATE(D96,36)-1,"") -> 47228
B97: 고민영 | C97: 20000000 | D97: 46134 | E97: 현금 | F97: 1528000 | G97: =IF(D97>0,EDATE(D97,2),"") -> 46195 | H97: 신한은행 | I97: 110-302-148360 | J97: =IF(B97>0,B97,"") -> 고민영 | K97: 680113-2593638 | L97: 010-7475-2338 | M97: =IF(D97>0,EDATE(D97,36)-1,"") -> 47229
B98: 최예은 | C98: 20000000 | D98: 46121 | E98: 현금 | F98: 1528000 | G98: =IF(D98>0,EDATE(D98,2),"") -> 46182 | H98: 신한은행 | I98: 334-06-164408 | J98: =IF(B98>0,B98,"") -> 최예은 | K98: 630105-2025937 | L98: 010-8621-9778 | M98: =IF(D98>0,EDATE(D98,36)-1,"") -> 47216
B99: 김수용 | C99: 10000000 | D99: 46130 | E99: 현금 | F99: 800000 | G99: =IF(D99>0,EDATE(D99,2),"") -> 46191 | H99: 우리은행 | I99: 1002-645-160502 | J99: =IF(B99>0,B99,"") -> 김수용 | K99: 720115-1644737 | L99: 010-3055-5100 | M99: =IF(D99>0,EDATE(D99,36)-1,"") -> 47225
B100: 이광희 | C100: 10000000 | D100: 46131 | E100: 현금 | F100: 800000 | G100: =IF(D100>0,EDATE(D100,2),"") -> 46192 | H100: 기업은행 | I100: 169-099888-01-018 | J100: =IF(B100>0,B100,"") -> 이광희 | K100: 560108-1069221 | L100: 010-5235-1189 | M100: =IF(D100>0,EDATE(D100,36)-1,"") -> 47226
...

Sheet 5월
A1: 2026년 5월 계약현황
A2: 추천인 | B2: 성명 | C2: 보증금(원) | D2: 입금일/결제일 | E2: 현금/카드 | F2: 수익금(원) | G2: 최초지급일 | H2: 계좌은행 | I2: 계좌번호 | J2: 예금주 | K2: 주민등록번호 | L2: 핸드폰번호 | M2: 계약만료일 | N2: 비고
G3: =IF(D3>0,EDATE(D3,2),"") | J3: =IF(B3>0,B3,"") | M3: =IF(D3>0,EDATE(D3,36)-1,"")
G4: =IF(D4>0,EDATE(D4,2),"") | J4: =IF(B4>0,B4,"") | M4: =IF(D4>0,EDATE(D4,36)-1,"")
G5: =IF(D5>0,EDATE(D5,2),"") | J5: =IF(B5>0,B5,"") | M5: =IF(D5>0,EDATE(D5,36)-1,"")
G6: =IF(D6>0,EDATE(D6,2),"") | J6: =IF(B6>0,B6,"") | M6: =IF(D6>0,EDATE(D6,36)-1,"")
G7: =IF(D7>0,EDATE(D7,2),"") | J7: =IF(B7>0,B7,"") | M7: =IF(D7>0,EDATE(D7,36)-1,"")
G8: =IF(D8>0,EDATE(D8,2),"") | J8: =IF(B8>0,B8,"") | M8: =IF(D8>0,EDATE(D8,36)-1,"")
G9: =IF(D9>0,EDATE(D9,2),"") | J9: =IF(B9>0,B9,"") | M9: =IF(D9>0,EDATE(D9,36)-1,"")
G10: =IF(D10>0,EDATE(D10,2),"") | J10: =IF(B10>0,B10,"") | M10: =IF(D10>0,EDATE(D10,36)-1,"")
G11: =IF(D11>0,EDATE(D11,2),"") | J11: =IF(B11>0,B11,"") | M11: =IF(D11>0,EDATE(D11,36)-1,"")
G12: =IF(D12>0,EDATE(D12,2),"") | J12: =IF(B12>0,B12,"") | M12: =IF(D12>0,EDATE(D12,36)-1,"")
G13: =IF(D13>0,EDATE(D13,2),"") | J13: =IF(B13>0,B13,"") | M13: =IF(D13>0,EDATE(D13,36)-1,"")
G14: =IF(D14>0,EDATE(D14,2),"") | J14: =IF(B14>0,B14,"") | M14: =IF(D14>0,EDATE(D14,36)-1,"")
... G300: =IF(D300>0,EDATE(D300,2),"") | J300: =IF(B300>0,B300,"") | M300: =IF(D300>0,EDATE(D300,36)-1,"")

Sheet 6월
A1: 2026년 6월 계약현황
A2: 추천인 | B2: 성명 | C2: 보증금(원) | D2: 입금일/결제일 | E2: 현금/카드 | F2: 수익금(원) | G2: 최초지급일 | H2: 계좌은행 | I2: 계좌번호 | J2: 예금주 | K2: 주민등록번호 | L2: 핸드폰번호 | M2: 계약만료일 | N2: 비고

Sheet 7월
A1: 2026년 7월 계약현황
A2: 추천인 | B2: 성명 | C2: 보증금(원) | D2: 입금일/결제일 | E2: 현금/카드 | F2: 수익금(원) | G2: 최초지급일 | H2: 계좌은행 | I2: 계좌번호 | J2: 예금주 | K2: 주민등록번호 | L2: 핸드폰번호 | M2: 계약만료일 | N2: 비고

Sheet 8월
A1: 2026년 8월 계약현황
A2: 추천인 | B2: 성명 | C2: 보증금(원) | D2: 입금일/결제일 | E2: 현금/카드 | F2: 수익금(원) | G2: 최초지급일 | H2: 계좌은행 | I2: 계좌번호 | J2: 예금주 | K2: 주민등록번호 | L2: 핸드폰번호 | M2: 계약만료일 | N2: 비고

Sheet 9월
A1: 2026년 9월 계약현황
A2: 추천인 | B2: 성명 | C2: 보증금(원) | D2: 입금일/결제일 | E2: 현금/카드 | F2: 수익금(원) | G2: 최초지급일 | H2: 계좌은행 | I2: 계좌번호 | J2: 예금주 | K2: 주민등록번호 | L2: 핸드폰번호 | M2: 계약만료일 | N2: 비고

Sheet 10월
A1: 2026년 10월 계약현황
A2: 추천인 | B2: 성명 | C2: 보증금(원) | D2: 입금일/결제일 | E2: 현금/카드 | F2: 수익금(원) | G2: 최초지급일 | H2: 계좌은행 | I2: 계좌번호 | J2: 예금주 | K2: 주민등록번호 | L2: 핸드폰번호 | M2: 계약만료일 | N2: 비고

Sheet 11월
A1: 2026년 11월 계약현황
A2: 추천인 | B2: 성명 | C2: 보증금(원) | D2: 입금일/결제일 | E2: 현금/카드 | F2: 수익금(원) | G2: 최초지급일 | H2: 계좌은행 | I2: 계좌번호 | J2: 예금주 | K2: 주민등록번호 | L2: 핸드폰번호 | M2: 계약만료일 | N2: 비고

Sheet 12월
A1: 2026년 12월 계약현황
A2: 추천인 | B2: 성명 | C2: 보증금(원) | D2: 입금일/결제일 | E2: 현금/카드 | F2: 수익금(원) | G2: 최초지급일 | H2: 계좌은행 | I2: 계좌번호 | J2: 예금주 | K2: 주민등록번호 | L2: 핸드폰번호 | M2: 계약만료일 | N2: 비고

Sheet 모니터링계약
A1: 2026년 모니터링 계약 현황
A2: No. | B2: 성명 | C2: 보증금(원) | D2: 입금일/결제일 | E2: 현금/카드 | F2: 수익금(원) | G2: 최초지급일 | H2: 계좌은행 | I2: 계좌번호 | J2: 예금주 | K2: 주민등록번호 | L2: 핸드폰번호 | M2: 계약만료일 | N2: 비고
A3: 1 | B3: 이선영 | C3: 3300000 | D3: 2026.1.28 | E3: 현금 | F3: 300000 | G3: 2026.2.28 | H3: 우체국 | I3: 400457-02-176981 | J3: 이선영 | K3: 790729-2192612 | L3: 010-8831-6873 | M3: 2026.2.27
A4: 2 | B4: 김미향 | G4: 2026.4.3 | H4: 토스 | I4: 1001-4422-5918 | J4: 김미향 | K4: 840826-2056411 | L4: 010-2514-1826

Sheet 검색
A1: 계약자 정보 검색 및 원본 이동
A3: 사용방법: C4에 이름을 입력하면 1월~12월 및 모니터링계약 전체에서 검색됩니다. 목록의 '이동'을 클릭하면 원본 월별 시트의 해당 성명 셀로 이동합니다. | O3: 검색대상 | P3: 포함 | Q3: 계약월 | R3: 성명 | S3: 보증금 | T3: 입금일/결제일 | U3: 현금/카드 | V3: 수익금 | W3: 최초지급일 | X3: 계좌은행 | Y3: 계좌번호 | Z3: 예금주 | AA3: 주민등록번호 | AB3: 핸드폰번호 | AC3: 비고
B4: 검색 이름 | C4: 하주현 | O4: 1월 | P4: Y | Q4: =IF(TRIM($C$4)="","",IF($O$4<>"","1월",IF($O$5<>"","2월",IF($O$6<>"","3월",IF($O$7<>"","4월",IF($O$8<>"","모니터링계약","")))))) -> 1월 | R4: =IF($Q$4="","",IF($Q$4="1월",INDEX('1월'!B:B,$O$4),IF($Q$4="2월",INDEX('2월'!B:B,$O$5),IF($Q$4="3월",INDEX('3월'!B:B,$O$6),IF($Q$4="4월",INDEX('4월'!B:B,$O$7),IF($Q$4="모니터링계약",INDEX(모니터링계약!B:B,$O$8),"")))))) -> #VALUE! | S4: =IF($Q$4="","",IF($Q$4="1월",INDEX('1월'!C:C,$O$4),IF($Q$4="2월",INDEX('2월'!C:C,$O$5),IF($Q$4="3월",INDEX('3월'!C:C,$O$6),IF($Q$4="4월",INDEX('4월'!C:C,$O$7),IF($Q$4="모니터링계약",INDEX(모니터링계약!C:C,$O$8),"")))))) -> #VALUE! | T4: =IF($Q$4="","",IF($Q$4="1월",INDEX('1월'!D:D,$O$4),IF($Q$4="2월",INDEX('2월'!D:D,$O$5),IF($Q$4="3월",INDEX('3월'!D:D,$O$6),IF($Q$4="4월",INDEX('4월'!D:D,$O$7),IF($Q$4="모니터링계약",INDEX(모니터링계약!D:D,$O$8),"")))))) -> #VALUE! | U4: =IF($Q$4="","",IF($Q$4="1월",INDEX('1월'!E:E,$O$4),IF($Q$4="2월",INDEX('2월'!E:E,$O$5),IF($Q$4="3월",INDEX('3월'!E:E,$O$6),IF($Q$4="4월",INDEX('4월'!E:E,$O$7),IF($Q$4="모니터링계약",INDEX(모니터링계약!E:E,$O$8),"")))))) -> #VALUE! | V4: =IF($Q$4="","",IF($Q$4="1월",INDEX('1월'!F:F,$O$4),IF($Q$4="2월",INDEX('2월'!F:F,$O$5),IF($Q$4="3월",INDEX('3월'!F:F,$O$6),IF($Q$4="4월",INDEX('4월'!F:F,$O$7),IF($Q$4="모니터링계약",INDEX(모니터링계약!F:F,$O$8),"")))))) -> #VALUE! | W4: =IF($Q$4="","",IF($Q$4="1월",INDEX('1월'!G:G,$O$4),IF($Q$4="2월",INDEX('2월'!G:G,$O$5),IF($Q$4="3월",INDEX('3월'!G:G,$O$6),IF($Q$4="4월",INDEX('4월'!G:G,$O$7),IF($Q$4="모니터링계약",INDEX(모니터링계약!G:G,$O$8),"")))))) -> #VALUE! | X4: =IF($Q$4="","",IF($Q$4="1월",INDEX('1월'!H:H,$O$4),IF($Q$4="2월",INDEX('2월'!H:H,$O$5),IF($Q$4="3월",INDEX('3월'!H:H,$O$6),IF($Q$4="4월",INDEX('4월'!H:H,$O$7),IF($Q$4="모니터링계약",INDEX(모니터링계약!H:H,$O$8),"")))))) -> #VALUE! | Y4: =IF($Q$4="","",IF($Q$4="1월",INDEX('1월'!I:I,$O$4),IF($Q$4="2월",INDEX('2월'!I:I,$O$5),IF($Q$4="3월",INDEX('3월'!I:I,$O$6),IF($Q$4="4월",INDEX('4월'!I:I,$O$7),IF($Q$4="모니터링계약",INDEX(모니터링계약!I:I,$O$8),"")))))) -> #VALUE! | Z4: =IF($Q$4="","",IF($Q$4="1월",INDEX('1월'!J:J,$O$4),IF($Q$4="2월",INDEX('2월'!J:J,$O$5),IF($Q$4="3월",INDEX('3월'!J:J,$O$6),IF($Q$4="4월",INDEX('4월'!J:J,$O$7),IF($Q$4="모니터링계약",INDEX(모니터링계약!J:J,$O$8),"")))))) -> #VALUE! | AA4: =IF($Q$4="","",IF($Q$4="1월",INDEX('1월'!K:K,$O$4),IF($Q$4="2월",INDEX('2월'!K:K,$O$5),IF($Q$4="3월",INDEX('3월'!K:K,$O$6),IF($Q$4="4월",INDEX('4월'!K:K,$O$7),IF($Q$4="모니터링계약",INDEX(모니터링계약!K:K,$O$8),"")))))) -> #VALUE! | AB4: =IF($Q$4="","",IF($Q$4="1월",INDEX('1월'!L:L,$O$4),IF($Q$4="2월",INDEX('2월'!L:L,$O$5),IF($Q$4="3월",INDEX('3월'!L:L,$O$6),IF($Q$4="4월",INDEX('4월'!L:L,$O$7),IF($Q$4="모니터링계약",INDEX(모니터링계약!L:L,$O$8),"")))))) -> #VALUE! | AC4: =IF(TRIM($C$4)="","",SUM($P$4:$P$8)) -> 0
B5: 주민등록번호 표시여부 | C5: 표시 | D5: ※ 숨기려면 C5를 미표시로 변경 | O5: 2월 | P5: Y
B6: 검색 건수 | C6: =COUNT(SEARCH_DB!$P:$P) -> 1 | O6: 3월 | P6: Y
O7: 4월 | P7: Y
B8: 복사용 결과 | O8: 5월 | P8: Y
C9: =IF($C$4="","검색 이름을 입력하세요.",IF($C$6=0,"검색 결과가 없습니다.",CONCATENATE("[계약정보]",CHAR(10),"계약월: ",$B$24,CHAR(10),"성명: ",$D$24,CHAR(10),"보증금: ",IF($E$24="","",TEXT($E$24,"#,##0원")),CHAR(10),"입금일/결제일: ",IF($F$24="","",IFERROR(TEXT($F$24,"yyyy-mm-dd"),$F$24)),CHAR(10),"현금/카드: ",$G$24,CHAR(10),"수익금: ",IF($H$24="","",TEXT($H$24,"#,##0원")),CHAR(10),"최초지급일: ",IF($I$24="","",IFERROR(TEXT($I$24,"yyyy-mm-dd"),$I$24)),CHAR(10),CHAR(10),"[계좌정보]",CHAR(10),"계좌은행: ",$J$24,CHAR(10),"계좌번호: ",$K$24,CHAR(10),"예금주: ",$L$24,CHAR(10),IF($C$5="표시",CONCATENATE("주민등록번호: ",$M$24,CHAR(10)),""),CHAR(10),"[연락처]",CHAR(10),"핸드폰번호: ",$N$24))) -> [계약정보] 계약월: 2월 성명: 하주현 보증금: 50,000,000원 입금일/결제일: 2026.2.10 현금/카드: 현금 수익금: 0원 최초지급일: 2026.4.10 [계좌정보] 계좌은행: 국민 계좌번호: 740901-01-293331 예금주: 하주현 주민등록번호: 701208-2055626 [연락처] 핸드폰번호: 010-7530-5544 | O9: 6월 | P9: Y
O10: 7월 | P10: Y
O11: 8월 | P11: Y
O12: 9월 | P12: Y
O13: 10월 | P13: Y
O14: 11월 | P14: Y
O15: 12월 | P15: Y
O16: 모니터링계약 | P16: Y
A23: 이동 | B23: 계약월 | C23: 원본행 | D23: 성명 | E23: 보증금 | F23: 입금일/결제일 | G23: 현금/카드 | H23: 수익금 | I23: 최초지급일 | J23: 계좌은행 | K23: 계좌번호 | L23: 예금주 | M23: 주민등록번호 | N23: 핸드폰번호
A24: =IF($B24="","",HYPERLINK("#'"&$B24&"'!B"&$C24,"이동")) -> 이동 | B24: =IFERROR(INDEX(SEARCH_DB!$B:$B,MATCH(ROW(A1),SEARCH_DB!$P:$P,0)),"") -> 2월 | C24: =IFERROR(INDEX(SEARCH_DB!$C:$C,MATCH(ROW(A1),SEARCH_DB!$P:$P,0)),"") -> 25 | D24: =IFERROR(INDEX(SEARCH_DB!$E:$E,MATCH(ROW(A1),SEARCH_DB!$P:$P,0)),"") -> 하주현 | E24: =IFERROR(INDEX(SEARCH_DB!$F:$F,MATCH(ROW(A1),SEARCH_DB!$P:$P,0)),"") -> 50000000 | F24: =IFERROR(INDEX(SEARCH_DB!$G:$G,MATCH(ROW(A1),SEARCH_DB!$P:$P,0)),"") -> 2026.2.10 | G24: =IFERROR(INDEX(SEARCH_DB!$H:$H,MATCH(ROW(A1),SEARCH_DB!$P:$P,0)),"") -> 현금 | H24: =IFERROR(INDEX(SEARCH_DB!$I:$I,MATCH(ROW(A1),SEARCH_DB!$P:$P,0)),"") -> 0 | I24: =IFERROR(INDEX(SEARCH_DB!$J:$J,MATCH(ROW(A1),SEARCH_DB!$P:$P,0)),"") -> 2026.4.10 | J24: =IFERROR(INDEX(SEARCH_DB!$K:$K,MATCH(ROW(A1),SEARCH_DB!$P:$P,0)),"") -> 국민 | K24: =IFERROR(INDEX(SEARCH_DB!$L:$L,MATCH(ROW(A1),SEARCH_DB!$P:$P,0)),"") -> 740901-01-293331 | L24: =IFERROR(INDEX(SEARCH_DB!$M:$M,MATCH(ROW(A1),SEARCH_DB!$P:$P,0)),"") -> 하주현 | M24: =IF($C$5="표시",IFERROR(INDEX(SEARCH_DB!$N:$N,MATCH(ROW(A1),SEARCH_DB!$P:$P,0)),""),"") -> 701208-2055626 | N24: =IFERROR(INDEX(SEARCH_DB!$O:$O,MATCH(ROW(A1),SEARCH_DB!$P:$P,0)),"") -> 010-7530-5544
A25: =IF($B25="","",HYPERLINK("#'"&$B25&"'!B"&$C25,"이동")) | B25: =IFERROR(INDEX(SEARCH_DB!$B:$B,MATCH(ROW(A2),SEARCH_DB!$P:$P,0)),"") | C25: =IFERROR(INDEX(SEARCH_DB!$C:$C,MATCH(ROW(A2),SEARCH_DB!$P:$P,0)),"") | D25: =IFERROR(INDEX(SEARCH_DB!$E:$E,MATCH(ROW(A2),SEARCH_DB!$P:$P,0)),"") | E25: =IFERROR(INDEX(SEARCH_DB!$F:$F,MATCH(ROW(A2),SEARCH_DB!$P:$P,0)),"") | F25: =IFERROR(INDEX(SEARCH_DB!$G:$G,MATCH(ROW(A2),SEARCH_DB!$P:$P,0)),"") | G25: =IFERROR(INDEX(SEARCH_DB!$H:$H,MATCH(ROW(A2),SEARCH_DB!$P:$P,0)),"") | H25: =IFERROR(INDEX(SEARCH_DB!$I:$I,MATCH(ROW(A2),SEARCH_DB!$P:$P,0)),"") | I25: =IFERROR(INDEX(SEARCH_DB!$J:$J,MATCH(ROW(A2),SEARCH_DB!$P:$P,0)),"") | J25: =IFERROR(INDEX(SEARCH_DB!$K:$K,MATCH(ROW(A2),SEARCH_DB!$P:$P,0)),"") | K25: =IFERROR(INDEX(SEARCH_DB!$L:$L,MATCH(ROW(A2),SEARCH_DB!$P:$P,0)),"") | L25: =IFERROR(INDEX(SEARCH_DB!$M:$M,MATCH(ROW(A2),SEARCH_DB!$P:$P,0)),"") | M25: =IF($C$5="표시",IFERROR(INDEX(SEARCH_DB!$N:$N,MATCH(ROW(A2),SEARCH_DB!$P:$P,0)),""),"") | N25: =IFERROR(INDEX(SEARCH_DB!$O:$O,MATCH(ROW(A2),SEARCH_DB!$P:$P,0)),"")
A26: =IF($B26="","",HYPERLINK("#'"&$B26&"'!B"&$C26,"이동")) | B26: =IFERROR(INDEX(SEARCH_DB!$B:$B,MATCH(ROW(A3),SEARCH_DB!$P:$P,0)),"") | C26: =IFERROR(INDEX(SEARCH_DB!$C:$C,MATCH(ROW(A3),SEARCH_DB!$P:$P,0)),"") | D26: =IFERROR(INDEX(SEARCH_DB!$E:$E,MATCH(ROW(A3),SEARCH_DB!$P:$P,0)),"") | E26: =IFERROR(INDEX(SEARCH_DB!$F:$F,MATCH(ROW(A3),SEARCH_DB!$P:$P,0)),"") | F26: =IFERROR(INDEX(SEARCH_DB!$G:$G,MATCH(ROW(A3),SEARCH_DB!$P:$P,0)),"") | G26: =IFERROR(INDEX(SEARCH_DB!$H:$H,MATCH(ROW(A3),SEARCH_DB!$P:$P,0)),"") | H26: =IFERROR(INDEX(SEARCH_DB!$I:$I,MATCH(ROW(A3),SEARCH_DB!$P:$P,0)),"") | I26: =IFERROR(INDEX(SEARCH_DB!$J:$J,MATCH(ROW(A3),SEARCH_DB!$P:$P,0)),"") | J26: =IFERROR(INDEX(SEARCH_DB!$K:$K,MATCH(ROW(A3),SEARCH_DB!$P:$P,0)),"") | K26: =IFERROR(INDEX(SEARCH_DB!$L:$L,MATCH(ROW(A3),SEARCH_DB!$P:$P,0)),"") | L26: =IFERROR(INDEX(SEARCH_DB!$M:$M,MATCH(ROW(A3),SEARCH_DB!$P:$P,0)),"") | M26: =IF($C$5="표시",IFERROR(INDEX(SEARCH_DB!$N:$N,MATCH(ROW(A3),SEARCH_DB!$P:$P,0)),""),"") | N26: =IFERROR(INDEX(SEARCH_DB!$O:$O,MATCH(ROW(A3),SEARCH_DB!$P:$P,0)),"")
A27: =IF($B27="","",HYPERLINK("#'"&$B27&"'!B"&$C27,"이동")) | B27: =IFERROR(INDEX(SEARCH_DB!$B:$B,MATCH(ROW(A4),SEARCH_DB!$P:$P,0)),"") | C27: =IFERROR(INDEX(SEARCH_DB!$C:$C,MATCH(ROW(A4),SEARCH_DB!$P:$P,0)),"") | D27: =IFERROR(INDEX(SEARCH_DB!$E:$E,MATCH(ROW(A4),SEARCH_DB!$P:$P,0)),"") | E27: =IFERROR(INDEX(SEARCH_DB!$F:$F,MATCH(ROW(A4),SEARCH_DB!$P:$P,0)),"") | F27: =IFERROR(INDEX(SEARCH_DB!$G:$G,MATCH(ROW(A4),SEARCH_DB!$P:$P,0)),"") | G27: =IFERROR(INDEX(SEARCH_DB!$H:$H,MATCH(ROW(A4),SEARCH_DB!$P:$P,0)),"") | H27: =IFERROR(INDEX(SEARCH_DB!$I:$I,MATCH(ROW(A4),SEARCH_DB!$P:$P,0)),"") | I27: =IFERROR(INDEX(SEARCH_DB!$J:$J,MATCH(ROW(A4),SEARCH_DB!$P:$P,0)),"") | J27: =IFERROR(INDEX(SEARCH_DB!$K:$K,MATCH(ROW(A4),SEARCH_DB!$P:$P,0)),"") | K27: =IFERROR(INDEX(SEARCH_DB!$L:$L,MATCH(ROW(A4),SEARCH_DB!$P:$P,0)),"") | L27: =IFERROR(INDEX(SEARCH_DB!$M:$M,MATCH(ROW(A4),SEARCH_DB!$P:$P,0)),"") | M27: =IF($C$5="표시",IFERROR(INDEX(SEARCH_DB!$N:$N,MATCH(ROW(A4),SEARCH_DB!$P:$P,0)),""),"") | N27: =IFERROR(INDEX(SEARCH_DB!$O:$O,MATCH(ROW(A4),SEARCH_DB!$P:$P,0)),"")
A28: =IF($B28="","",HYPERLINK("#'"&$B28&"'!B"&$C28,"이동")) | B28: =IFERROR(INDEX(SEARCH_DB!$B:$B,MATCH(ROW(A5),SEARCH_DB!$P:$P,0)),"") | C28: =IFERROR(INDEX(SEARCH_DB!$C:$C,MATCH(ROW(A5),SEARCH_DB!$P:$P,0)),"") | D28: =IFERROR(INDEX(SEARCH_DB!$E:$E,MATCH(ROW(A5),SEARCH_DB!$P:$P,0)),"") | E28: =IFERROR(INDEX(SEARCH_DB!$F:$F,MATCH(ROW(A5),SEARCH_DB!$P:$P,0)),"") | F28: =IFERROR(INDEX(SEARCH_DB!$G:$G,MATCH(ROW(A5),SEARCH_DB!$P:$P,0)),"") | G28: =IFERROR(INDEX(SEARCH_DB!$H:$H,MATCH(ROW(A5),SEARCH_DB!$P:$P,0)),"") | H28: =IFERROR(INDEX(SEARCH_DB!$I:$I,MATCH(ROW(A5),SEARCH_DB!$P:$P,0)),"") | I28: =IFERROR(INDEX(SEARCH_DB!$J:$J,MATCH(ROW(A5),SEARCH_DB!$P:$P,0)),"") | J28: =IFERROR(INDEX(SEARCH_DB!$K:$K,MATCH(ROW(A5),SEARCH_DB!$P:$P,0)),"") | K28: =IFERROR(INDEX(SEARCH_DB!$L:$L,MATCH(ROW(A5),SEARCH_DB!$P:$P,0)),"") | L28: =IFERROR(INDEX(SEARCH_DB!$M:$M,MATCH(ROW(A5),SEARCH_DB!$P:$P,0)),"") | M28: =IF($C$5="표시",IFERROR(INDEX(SEARCH_DB!$N:$N,MATCH(ROW(A5),SEARCH_DB!$P:$P,0)),""),"") | N28: =IFERROR(INDEX(SEARCH_DB!$O:$O,MATCH(ROW(A5),SEARCH_DB!$P:$P,0)),"")
A29: =IF($B29="","",HYPERLINK("#'"&$B29&"'!B"&$C29,"이동")) | B29: =IFERROR(INDEX(SEARCH_DB!$B:$B,MATCH(ROW(A6),SEARCH_DB!$P:$P,0)),"") | C29: =IFERROR(INDEX(SEARCH_DB!$C:$C,MATCH(ROW(A6),SEARCH_DB!$P:$P,0)),"") | D29: =IFERROR(INDEX(SEARCH_DB!$E:$E,MATCH(ROW(A6),SEARCH_DB!$P:$P,0)),"") | E29: =IFERROR(INDEX(SEARCH_DB!$F:$F,MATCH(ROW(A6),SEARCH_DB!$P:$P,0)),"") | F29: =IFERROR(INDEX(SEARCH_DB!$G:$G,MATCH(ROW(A6),SEARCH_DB!$P:$P,0)),"") | G29: =IFERROR(INDEX(SEARCH_DB!$H:$H,MATCH(ROW(A6),SEARCH_DB!$P:$P,0)),"") | H29: =IFERROR(INDEX(SEARCH_DB!$I:$I,MATCH(ROW(A6),SEARCH_DB!$P:$P,0)),"") | I29: =IFERROR(INDEX(SEARCH_DB!$J:$J,MATCH(ROW(A6),SEARCH_DB!$P:$P,0)),"") | J29: =IFERROR(INDEX(SEARCH_DB!$K:$K,MATCH(ROW(A6),SEARCH_DB!$P:$P,0)),"") | K29: =IFERROR(INDEX(SEARCH_DB!$L:$L,MATCH(ROW(A6),SEARCH_DB!$P:$P,0)),"") | L29: =IFERROR(INDEX(SEARCH_DB!$M:$M,MATCH(ROW(A6),SEARCH_DB!$P:$P,0)),"") | M29: =IF($C$5="표시",IFERROR(INDEX(SEARCH_DB!$N:$N,MATCH(ROW(A6),SEARCH_DB!$P:$P,0)),""),"") | N29: =IFERROR(INDEX(SEARCH_DB!$O:$O,MATCH(ROW(A6),SEARCH_DB!$P:$P,0)),"")
A30: =IF($B30="","",HYPERLINK("#'"&$B30&"'!B"&$C30,"이동")) | B30: =IFERROR(INDEX(SEARCH_DB!$B:$B,MATCH(ROW(A7),SEARCH_DB!$P:$P,0)),"") | C30: =IFERROR(INDEX(SEARCH_DB!$C:$C,MATCH(ROW(A7),SEARCH_DB!$P:$P,0)),"") | D30: =IFERROR(INDEX(SEARCH_DB!$E:$E,MATCH(ROW(A7),SEARCH_DB!$P:$P,0)),"") | E30: =IFERROR(INDEX(SEARCH_DB!$F:$F,MATCH(ROW(A7),SEARCH_DB!$P:$P,0)),"") | F30: =IFERROR(INDEX(SEARCH_DB!$G:$G,MATCH(ROW(A7),SEARCH_DB!$P:$P,0)),"") | G30: =IFERROR(INDEX(SEARCH_DB!$H:$H,MATCH(ROW(A7),SEARCH_DB!$P:$P,0)),"") | H30: =IFERROR(INDEX(SEARCH_DB!$I:$I,MATCH(ROW(A7),SEARCH_DB!$P:$P,0)),"") | I30: =IFERROR(INDEX(SEARCH_DB!$J:$J,MATCH(ROW(A7),SEARCH_DB!$P:$P,0)),"") | J30: =IFERROR(INDEX(SEARCH_DB!$K:$K,MATCH(ROW(A7),SEARCH_DB!$P:$P,0)),"") | K30: =IFERROR(INDEX(SEARCH_DB!$L:$L,MATCH(ROW(A7),SEARCH_DB!$P:$P,0)),"") | L30: =IFERROR(INDEX(SEARCH_DB!$M:$M,MATCH(ROW(A7),SEARCH_DB!$P:$P,0)),"") | M30: =IF($C$5="표시",IFERROR(INDEX(SEARCH_DB!$N:$N,MATCH(ROW(A7),SEARCH_DB!$P:$P,0)),""),"") | N30: =IFERROR(INDEX(SEARCH_DB!$O:$O,MATCH(ROW(A7),SEARCH_DB!$P:$P,0)),"")
A31: =IF($B31="","",HYPERLINK("#'"&$B31&"'!B"&$C31,"이동")) | B31: =IFERROR(INDEX(SEARCH_DB!$B:$B,MATCH(ROW(A8),SEARCH_DB!$P:$P,0)),"") | C31: =IFERROR(INDEX(SEARCH_DB!$C:$C,MATCH(ROW(A8),SEARCH_DB!$P:$P,0)),"") | D31: =IFERROR(INDEX(SEARCH_DB!$E:$E,MATCH(ROW(A8),SEARCH_DB!$P:$P,0)),"") | E31: =IFERROR(INDEX(SEARCH_DB!$F:$F,MATCH(ROW(A8),SEARCH_DB!$P:$P,0)),"") | F31: =IFERROR(INDEX(SEARCH_DB!$G:$G,MATCH(ROW(A8),SEARCH_DB!$P:$P,0)),"") | G31: =IFERROR(INDEX(SEARCH_DB!$H:$H,MATCH(ROW(A8),SEARCH_DB!$P:$P,0)),"") | H31: =IFERROR(INDEX(SEARCH_DB!$I:$I,MATCH(ROW(A8),SEARCH_DB!$P:$P,0)),"") | I31: =IFERROR(INDEX(SEARCH_DB!$J:$J,MATCH(ROW(A8),SEARCH_DB!$P:$P,0)),"") | J31: =IFERROR(INDEX(SEARCH_DB!$K:$K,MATCH(ROW(A8),SEARCH_DB!$P:$P,0)),"") | K31: =IFERROR(INDEX(SEARCH_DB!$L:$L,MATCH(ROW(A8),SEARCH_DB!$P:$P,0)),"") | L31: =IFERROR(INDEX(SEARCH_DB!$M:$M,MATCH(ROW(A8),SEARCH_DB!$P:$P,0)),"") | M31: =IF($C$5="표시",IFERROR(INDEX(SEARCH_DB!$N:$N,MATCH(ROW(A8),SEARCH_DB!$P:$P,0)),""),"") | N31: =IFERROR(INDEX(SEARCH_DB!$O:$O,MATCH(ROW(A8),SEARCH_DB!$P:$P,0)),"")
A32: =IF($B32="","",HYPERLINK("#'"&$B32&"'!B"&$C32,"이동")) | B32: =IFERROR(INDEX(SEARCH_DB!$B:$B,MATCH(ROW(A9),SEARCH_DB!$P:$P,0)),"") | C32: =IFERROR(INDEX(SEARCH_DB!$C:$C,MATCH(ROW(A9),SEARCH_DB!$P:$P,0)),"") | D32: =IFERROR(INDEX(SEARCH_DB!$E:$E,MATCH(ROW(A9),SEARCH_DB!$P:$P,0)),"") | E32: =IFERROR(INDEX(SEARCH_DB!$F:$F,MATCH(ROW(A9),SEARCH_DB!$P:$P,0)),"") | F32: =IFERROR(INDEX(SEARCH_DB!$G:$G,MATCH(ROW(A9),SEARCH_DB!$P:$P,0)),"") | G32: =IFERROR(INDEX(SEARCH_DB!$H:$H,MATCH(ROW(A9),SEARCH_DB!$P:$P,0)),"") | H32: =IFERROR(INDEX(SEARCH_DB!$I:$I,MATCH(ROW(A9),SEARCH_DB!$P:$P,0)),"") | I32: =IFERROR(INDEX(SEARCH_DB!$J:$J,MATCH(ROW(A9),SEARCH_DB!$P:$P,0)),"") | J32: =IFERROR(INDEX(SEARCH_DB!$K:$K,MATCH(ROW(A9),SEARCH_DB!$P:$P,0)),"") | K32: =IFERROR(INDEX(SEARCH_DB!$L:$L,MATCH(ROW(A9),SEARCH_DB!$P:$P,0)),"") | L32: =IFERROR(INDEX(SEARCH_DB!$M:$M,MATCH(ROW(A9),SEARCH_DB!$P:$P,0)),"") | M32: =IF($C$5="표시",IFERROR(INDEX(SEARCH_DB!$N:$N,MATCH(ROW(A9),SEARCH_DB!$P:$P,0)),""),"") | N32: =IFERROR(INDEX(SEARCH_DB!$O:$O,MATCH(ROW(A9),SEARCH_DB!$P:$P,0)),"")
A33: =IF($B33="","",HYPERLINK("#'"&$B33&"'!B"&$C33,"이동")) | B33: =IFERROR(INDEX(SEARCH_DB!$B:$B,MATCH(ROW(A10),SEARCH_DB!$P:$P,0)),"") | C33: =IFERROR(INDEX(SEARCH_DB!$C:$C,MATCH(ROW(A10),SEARCH_DB!$P:$P,0)),"") | D33: =IFERROR(INDEX(SEARCH_DB!$E:$E,MATCH(ROW(A10),SEARCH_DB!$P:$P,0)),"") | E33: =IFERROR(INDEX(SEARCH_DB!$F:$F,MATCH(ROW(A10),SEARCH_DB!$P:$P,0)),"") | F33: =IFERROR(INDEX(SEARCH_DB!$G:$G,MATCH(ROW(A10),SEARCH_DB!$P:$P,0)),"") | G33: =IFERROR(INDEX(SEARCH_DB!$H:$H,MATCH(ROW(A10),SEARCH_DB!$P:$P,0)),"") | H33: =IFERROR(INDEX(SEARCH_DB!$I:$I,MATCH(ROW(A10),SEARCH_DB!$P:$P,0)),"") | I33: =IFERROR(INDEX(SEARCH_DB!$J:$J,MATCH(ROW(A10),SEARCH_DB!$P:$P,0)),"") | J33: =IFERROR(INDEX(SEARCH_DB!$K:$K,MATCH(ROW(A10),SEARCH_DB!$P:$P,0)),"") | K33: =IFERROR(INDEX(SEARCH_DB!$L:$L,MATCH(ROW(A10),SEARCH_DB!$P:$P,0)),"") | L33: =IFERROR(INDEX(SEARCH_DB!$M:$M,MATCH(ROW(A10),SEARCH_DB!$P:$P,0)),"") | M33: =IF($C$5="표시",IFERROR(INDEX(SEARCH_DB!$N:$N,MATCH(ROW(A10),SEARCH_DB!$P:$P,0)),""),"") | N33: =IFERROR(INDEX(SEARCH_DB!$O:$O,MATCH(ROW(A10),SEARCH_DB!$P:$P,0)),"")
A34: =IF($B34="","",HYPERLINK("#'"&$B34&"'!B"&$C34,"이동")) | B34: =IFERROR(INDEX(SEARCH_DB!$B:$B,MATCH(ROW(A11),SEARCH_DB!$P:$P,0)),"") | C34: =IFERROR(INDEX(SEARCH_DB!$C:$C,MATCH(ROW(A11),SEARCH_DB!$P:$P,0)),"") | D34: =IFERROR(INDEX(SEARCH_DB!$E:$E,MATCH(ROW(A11),SEARCH_DB!$P:$P,0)),"") | E34: =IFERROR(INDEX(SEARCH_DB!$F:$F,MATCH(ROW(A11),SEARCH_DB!$P:$P,0)),"") | F34: =IFERROR(INDEX(SEARCH_DB!$G:$G,MATCH(ROW(A11),SEARCH_DB!$P:$P,0)),"") | G34: =IFERROR(INDEX(SEARCH_DB!$H:$H,MATCH(ROW(A11),SEARCH_DB!$P:$P,0)),"") | H34: =IFERROR(INDEX(SEARCH_DB!$I:$I,MATCH(ROW(A11),SEARCH_DB!$P:$P,0)),"") | I34: =IFERROR(INDEX(SEARCH_DB!$J:$J,MATCH(ROW(A11),SEARCH_DB!$P:$P,0)),"") | J34: =IFERROR(INDEX(SEARCH_DB!$K:$K,MATCH(ROW(A11),SEARCH_DB!$P:$P,0)),"") | K34: =IFERROR(INDEX(SEARCH_DB!$L:$L,MATCH(ROW(A11),SEARCH_DB!$P:$P,0)),"") | L34: =IFERROR(INDEX(SEARCH_DB!$M:$M,MATCH(ROW(A11),SEARCH_DB!$P:$P,0)),"") | M34: =IF($C$5="표시",IFERROR(INDEX(SEARCH_DB!$N:$N,MATCH(ROW(A11),SEARCH_DB!$P:$P,0)),""),"") | N34: =IFERROR(INDEX(SEARCH_DB!$O:$O,MATCH(ROW(A11),SEARCH_DB!$P:$P,0)),"")
A35: =IF($B35="","",HYPERLINK("#'"&$B35&"'!B"&$C35,"이동")) | B35: =IFERROR(INDEX(SEARCH_DB!$B:$B,MATCH(ROW(A12),SEARCH_DB!$P:$P,0)),"") | C35: =IFERROR(INDEX(SEARCH_DB!$C:$C,MATCH(ROW(A12),SEARCH_DB!$P:$P,0)),"") | D35: =IFERROR(INDEX(SEARCH_DB!$E:$E,MATCH(ROW(A12),SEARCH_DB!$P:$P,0)),"") | E35: =IFERROR(INDEX(SEARCH_DB!$F:$F,MATCH(ROW(A12),SEARCH_DB!$P:$P,0)),"") | F35: =IFERROR(INDEX(SEARCH_DB!$G:$G,MATCH(ROW(A12),SEARCH_DB!$P:$P,0)),"") | G35: =IFERROR(INDEX(SEARCH_DB!$H:$H,MATCH(ROW(A12),SEARCH_DB!$P:$P,0)),"") | H35: =IFERROR(INDEX(SEARCH_DB!$I:$I,MATCH(ROW(A12),SEARCH_DB!$P:$P,0)),"") | I35: =IFERROR(INDEX(SEARCH_DB!$J:$J,MATCH(ROW(A12),SEARCH_DB!$P:$P,0)),"") | J35: =IFERROR(INDEX(SEARCH_DB!$K:$K,MATCH(ROW(A12),SEARCH_DB!$P:$P,0)),"") | K35: =IFERROR(INDEX(SEARCH_DB!$L:$L,MATCH(ROW(A12),SEARCH_DB!$P:$P,0)),"") | L35: =IFERROR(INDEX(SEARCH_DB!$M:$M,MATCH(ROW(A12),SEARCH_DB!$P:$P,0)),"") | M35: =IF($C$5="표시",IFERROR(INDEX(SEARCH_DB!$N:$N,MATCH(ROW(A12),SEARCH_DB!$P:$P,0)),""),"") | N35: =IFERROR(INDEX(SEARCH_DB!$O:$O,MATCH(ROW(A12),SEARCH_DB!$P:$P,0)),"")
... A300: =IF($B300="","",HYPERLINK("#'"&$B300&"'!B"&$C300,"이동")) | B300: =IFERROR(INDEX(SEARCH_DB!$B:$B,MATCH(ROW(A277),SEARCH_DB!$P:$P,0)),"") | C300: =IFERROR(INDEX(SEARCH_DB!$C:$C,MATCH(ROW(A277),SEARCH_DB!$P:$P,0)),"") | D300: =IFERROR(INDEX(SEARCH_DB!$E:$E,MATCH(ROW(A277),SEARCH_DB!$P:$P,0)),"") | E300: =IFERROR(INDEX(SEARCH_DB!$F:$F,MATCH(ROW(A277),SEARCH_DB!$P:$P,0)),"") | F300: =IFERROR(INDEX(SEARCH_DB!$G:$G,MATCH(ROW(A277),SEARCH_DB!$P:$P,0)),"") | G300: =IFERROR(INDEX(SEARCH_DB!$H:$H,MATCH(ROW(A277),SEARCH_DB!$P:$P,0)),"") | H300: =IFERROR(INDEX(SEARCH_DB!$I:$I,MATCH(ROW(A277),SEARCH_DB!$P:$P,0)),"") | I300: =IFERROR(INDEX(SEARCH_DB!$J:$J,MATCH(ROW(A277),SEARCH_DB!$P:$P,0)),"") | J300: =IFERROR(INDEX(SEARCH_DB!$K:$K,MATCH(ROW(A277),SEARCH_DB!$P:$P,0)),"") | K300: =IFERROR(INDEX(SEARCH_DB!$L:$L,MATCH(ROW(A277),SEARCH_DB!$P:$P,0)),"") | L300: =IFERROR(INDEX(SEARCH_DB!$M:$M,MATCH(ROW(A277),SEARCH_DB!$P:$P,0)),"") | M300: =IF($C$5="표시",IFERROR(INDEX(SEARCH_DB!$N:$N,MATCH(ROW(A277),SEARCH_DB!$P:$P,0)),""),"") | N300: =IFERROR(INDEX(SEARCH_DB!$O:$O,MATCH(ROW(A277),SEARCH_DB!$P:$P,0)),"")

Sheet SEARCH_DB
A1: 순번 | B1: 시트명 | C1: 원본행 | D1: 표시성명 | E1: 검색성명 | F1: 보증금 | G1: 입금일/결제일 | H1: 현금/카드 | I1: 수익금 | J1: 최초지급일 | K1: 계좌은행 | L1: 계좌번호 | M1: 예금주 | N1: 주민등록번호 | O1: 핸드폰번호 | P1: 검색번호
A2: 1 | B2: 1월 | C2: 3 | D2: ='1월'!B3 -> 신영미 | E2: =IF(D2<>"",D2,"") -> 신영미 | F2: ='1월'!C3 -> 10000000 | G2: ='1월'!D3 -> 2026.1.1 | H2: ='1월'!E3 -> 현금 | I2: ='1월'!F3 -> 500000 | J2: ='1월'!G3 -> 2026.3.1 | K2: ='1월'!H3 -> 농협은행 | L2: ='1월'!I3 -> 312-013-5476311 | M2: ='1월'!J3 -> 신영미 | ... O2: ='1월'!L3 -> 010-3036-9756 | P2: =IF(AND(검색!$C$4<>"",E2<>"",ISNUMBER(SEARCH(검색!$C$4,E2)),OR(D2<>"",F2<>"",G2<>"",H2<>"")),COUNT(P$1:P1)+1,"")
A3: 2 | B3: 1월 | C3: 4 | D3: ='1월'!B4 -> 최한영 | E3: =IF(D3<>"",D3,IF(B3=B2,E2,"")) -> 최한영 | F3: ='1월'!C4 -> 30000000 | G3: ='1월'!D4 -> 2026.1.2 | H3: ='1월'!E4 -> 0 | I3: ='1월'!F4 -> 2028000 | J3: ='1월'!G4 -> 2026.3.2 | K3: ='1월'!H4 -> 농협 | L3: ='1월'!I4 -> 356-0090-8343-33 | M3: ='1월'!J4 -> 한동현 | ... O3: ='1월'!L4 -> 010-3917-1399 | P3: =IF(AND(검색!$C$4<>"",E3<>"",ISNUMBER(SEARCH(검색!$C$4,E3)),OR(D3<>"",F3<>"",G3<>"",H3<>"")),COUNT(P$1:P2)+1,"")
A4: 3 | B4: 1월 | C4: 5 | D4: ='1월'!B5 -> 김정임 | E4: =IF(D4<>"",D4,IF(B4=B3,E3,"")) -> 김정임 | F4: ='1월'!C5 -> 10000000 | G4: ='1월'!D5 -> 2026.1.2 | H4: ='1월'!E5 -> 0 | I4: ='1월'!F5 -> 500000 | J4: ='1월'!G5 -> 2026.3.2 | K4: ='1월'!H5 -> 농협 | L4: ='1월'!I5 -> 356-0090-8343-33 | M4: ='1월'!J5 -> 한동현 | ... O4: ='1월'!L5 -> 010-9261-8355 | P4: =IF(AND(검색!$C$4<>"",E4<>"",ISNUMBER(SEARCH(검색!$C$4,E4)),OR(D4<>"",F4<>"",G4<>"",H4<>"")),COUNT(P$1:P3)+1,"")
A5: 4 | B5: 1월 | C5: 6 | D5: ='1월'!B6 -> 한유성 | E5: =IF(D5<>"",D5,IF(B5=B4,E4,"")) -> 한유성 | F5: ='1월'!C6 -> 30000000 | G5: ='1월'!D6 -> 2026.1.5 | H5: ='1월'!E6 -> 현금 | I5: ='1월'!F6 -> 2028000 | J5: ='1월'!G6 -> 2026.3.5 | K5: ='1월'!H6 -> 케이뱅크 | L5: ='1월'!I6 -> 100-11660-33-11 | M5: ='1월'!J6 -> 곽경호 | ... O5: ='1월'!L6 -> 010-4937-8876 | P5: =IF(AND(검색!$C$4<>"",E5<>"",ISNUMBER(SEARCH(검색!$C$4,E5)),OR(D5<>"",F5<>"",G5<>"",H5<>"")),COUNT(P$1:P4)+1,"")
A6: 5 | B6: 1월 | C6: 7 | D6: ='1월'!B7 -> 용서연 | E6: =IF(D6<>"",D6,IF(B6=B5,E5,"")) -> 용서연 | F6: ='1월'!C7 -> 10000000 | G6: ='1월'!D7 -> 2026.1.8 | H6: ='1월'!E7 -> 현금 | I6: ='1월'!F7 -> 800000 | J6: ='1월'!G7 -> 2026.3.8 | K6: ='1월'!H7 -> 농협 | L6: ='1월'!I7 -> 130012-52-237844 | M6: ='1월'!J7 -> 용서연 | ... O6: ='1월'!L7 -> 010-8285-2846 | P6: =IF(AND(검색!$C$4<>"",E6<>"",ISNUMBER(SEARCH(검색!$C$4,E6)),OR(D6<>"",F6<>"",G6<>"",H6<>"")),COUNT(P$1:P5)+1,"")
A7: 6 | B7: 1월 | C7: 8 | D7: ='1월'!B8 -> 인혜수 | E7: =IF(D7<>"",D7,IF(B7=B6,E6,"")) -> 인혜수 | F7: ='1월'!C8 -> 10000000 | G7: ='1월'!D8 -> 2026.1.8 | H7: ='1월'!E8 -> 현금 | I7: ='1월'!F8 -> 800000 | J7: ='1월'!G8 -> 2026.3.8 | K7: ='1월'!H8 -> 농협 | L7: ='1월'!I8 -> 301-3577-1592-11 | M7: ='1월'!J8 -> 이하은 | ... O7: ='1월'!L8 -> 010-9924-6058 | P7: =IF(AND(검색!$C$4<>"",E7<>"",ISNUMBER(SEARCH(검색!$C$4,E7)),OR(D7<>"",F7<>"",G7<>"",H7<>"")),COUNT(P$1:P6)+1,"")
A8: 7 | B8: 1월 | C8: 9 | D8: ='1월'!B9 -> 이세은 | E8: =IF(D8<>"",D8,IF(B8=B7,E7,"")) -> 이세은 | F8: ='1월'!C9 -> 10000000 | G8: ='1월'!D9 -> 2026.1.8 | H8: ='1월'!E9 -> 현금 | I8: ='1월'!F9 -> 800000 | J8: ='1월'!G9 -> 2026.3.8 | K8: ='1월'!H9 -> 농협 | L8: ='1월'!I9 -> 301-3577-1592-11 | M8: ='1월'!J9 -> 이하은 | ... O8: ='1월'!L9 -> 010-4742-0224 | P8: =IF(AND(검색!$C$4<>"",E8<>"",ISNUMBER(SEARCH(검색!$C$4,E8)),OR(D8<>"",F8<>"",G8<>"",H8<>"")),COUNT(P$1:P7)+1,"")
A9: 8 | B9: 1월 | C9: 10 | D9: ='1월'!B10 -> 최수호 | E9: =IF(D9<>"",D9,IF(B9=B8,E8,"")) -> 최수호 | F9: ='1월'!C10 -> 10000000 | G9: ='1월'!D10 -> 2026.1.9 | H9: ='1월'!E10 -> 현금(입금자:박명희) | I9: ='1월'!F10 -> 0 | J9: ='1월'!G10 -> 2026.3.9 | K9: ='1월'!H10 -> 국민 | L9: ='1월'!I10 -> 091-24-0230-115 | M9: ='1월'!J10 -> 박명희 | ... O9: ='1월'!L10 -> 010-8785-2273 | P9: =IF(AND(검색!$C$4<>"",E9<>"",ISNUMBER(SEARCH(검색!$C$4,E9)),OR(D9<>"",F9<>"",G9<>"",H9<>"")),COUNT(P$1:P8)+1,"")
A10: 9 | B10: 1월 | C10: 11 | D10: ='1월'!B11 -> 주하민 | E10: =IF(D10<>"",D10,IF(B10=B9,E9,"")) -> 주하민 | F10: ='1월'!C11 -> 10000000 | G10: ='1월'!D11 -> 2026.1.10 | H10: ='1월'!E11 -> 현금 | I10: ='1월'!F11 -> 800000 | J10: ='1월'!G11 -> 2026.3.10 | K10: ='1월'!H11 -> 농협 | L10: ='1월'!I11 -> 209-12-751764 | M10: ='1월'!J11 -> 엄혜란 | ... O10: ='1월'!L11 -> 010-4506-5645 | P10: =IF(AND(검색!$C$4<>"",E10<>"",ISNUMBER(SEARCH(검색!$C$4,E10)),OR(D10<>"",F10<>"",G10<>"",H10<>"")),COUNT(P$1:P9)+1,"")
A11: 10 | B11: 1월 | C11: 12 | D11: ='1월'!B12 -> 한리나 | E11: =IF(D11<>"",D11,IF(B11=B10,E10,"")) -> 한리나 | F11: ='1월'!C12 -> 10000000 | G11: ='1월'!D12 -> 2026.1.10 | H11: ='1월'!E12 -> 현금 | I11: ='1월'!F12 -> 800000 | J11: ='1월'!G12 -> 2026.3.10 | K11: ='1월'!H12 -> 농협 | L11: ='1월'!I12 -> 302-1092-2478-81 | M11: ='1월'!J12 -> 한리나 | ... O11: ='1월'!L12 -> 010-3383-6172 | P11: =IF(AND(검색!$C$4<>"",E11<>"",ISNUMBER(SEARCH(검색!$C$4,E11)),OR(D11<>"",F11<>"",G11<>"",H11<>"")),COUNT(P$1:P10)+1,"")
A12: 11 | B12: 1월 | C12: 13 | D12: ='1월'!B13 -> 박란 | E12: =IF(D12<>"",D12,IF(B12=B11,E11,"")) -> 박란 | F12: ='1월'!C13 -> 1000000 | G12: ='1월'!D13 -> 2025.12.11 | H12: ='1월'!E13 -> 현금 | I12: ='1월'!F13 -> 0 | J12: ='1월'!G13 -> 2026.3.11 | K12: ='1월'!H13 -> 국민 | L12: ='1월'!I13 -> 5825-020104-9618 | M12: ='1월'!J13 -> 박 란 | ... O12: ='1월'!L13 -> 010-4277-0255 | P12: =IF(AND(검색!$C$4<>"",E12<>"",ISNUMBER(SEARCH(검색!$C$4,E12)),OR(D12<>"",F12<>"",G12<>"",H12<>"")),COUNT(P$1:P11)+1,"")
A13: 12 | B13: 1월 | C13: 14 | D13: ='1월'!B14 -> 0 | E13: =IF(D13<>"",D13,IF(B13=B12,E12,"")) -> 0 | F13: ='1월'!C14 -> 9000000 | G13: ='1월'!D14 -> 2026.1.11 | H13: ='1월'!E14 -> 현금 | I13: ='1월'!F14 -> 0 | J13: ='1월'!G14 -> 0 | K13: ='1월'!H14 -> 0 | L13: ='1월'!I14 -> 0 | M13: ='1월'!J14 -> 0 | ... O13: ='1월'!L14 -> 0 | P13: =IF(AND(검색!$C$4<>"",E13<>"",ISNUMBER(SEARCH(검색!$C$4,E13)),OR(D13<>"",F13<>"",G13<>"",H13<>"")),COUNT(P$1:P12)+1,"")
A14: 13 | B14: 1월 | C14: 15 | D14: ='1월'!B15 -> 0 | E14: =IF(D14<>"",D14,IF(B14=B13,E13,"")) -> 0 | F14: ='1월'!C15 -> 10000000 | G14: ='1월'!D15 -> 2026.2.8 | H14: ='1월'!E15 -> 현금(증액) | I14: ='1월'!F15 -> 0 | J14: ='1월'!G15 -> 0 | K14: ='1월'!H15 -> 0 | L14: ='1월'!I15 -> 0 | M14: ='1월'!J15 -> 0 | ... O14: ='1월'!L15 -> 0 | P14: =IF(AND(검색!$C$4<>"",E14<>"",ISNUMBER(SEARCH(검색!$C$4,E14)),OR(D14<>"",F14<>"",G14<>"",H14<>"")),COUNT(P$1:P13)+1,"")
... A999: 998 | B999: 1월 | C999: 1000 | D999: ='1월'!B1000 -> 0 | E999: =IF(D999<>"",D999,IF(B999=B998,E998,"")) -> 0 | F999: ='1월'!C1000 -> 0 | G999: ='1월'!D1000 -> 0 | H999: ='1월'!E1000 -> 0 | I999: ='1월'!F1000 -> 0 | J999: ='1월'!G1000 -> 0 | K999: ='1월'!H1000 -> 0 | L999: ='1월'!I1000 -> 0 | M999: ='1월'!J1000 -> 0 | ... O999: ='1월'!L1000 -> 0 | P999: =IF(AND(검색!$C$4<>"",E999<>"",ISNUMBER(SEARCH(검색!$C$4,E999)),OR(D999<>"",F999<>"",G999<>"",H999<>"")),COUNT(P$1:P998)+1,"")
A1000: 999 | B1000: 2월 | C1000: 3 | D1000: ='2월'!B3 -> 구재영 | E1000: =IF(D1000<>"",D1000,IF(B1000=B999,E999,"")) -> 구재영 | F1000: ='2월'!C3 -> 10000000 | G1000: ='2월'!D3 -> 2026.2.1 | H1000: ='2월'!E3 -> 현금 | I1000: ='2월'!F3 -> 800000 | J1000: ='2월'!G3 -> 2026.4.1 | K1000: ='2월'!H3 -> 농협 | L1000: ='2월'!I3 -> 352-1407-036993 | M1000: ='2월'!J3 -> 구재영 | ... O1000: ='2월'!L3 -> 010-3847-1216 | P1000: =IF(AND(검색!$C$4<>"",E1000<>"",ISNUMBER(SEARCH(검색!$C$4,E1000)),OR(D1000<>"",F1000<>"",G1000<>"",H1000<>"")),COUNT(P$1:P999)+1,"")
A1001: 1000 | B1001: 2월 | C1001: 4 | D1001: ='2월'!B4 -> 0 | E1001: =IF(D1001<>"",D1001,IF(B1001=B1000,E1000,"")) -> 0 | F1001: ='2월'!C4 -> 10000000 | G1001: ='2월'!D4 -> 2026.4.1 | H1001: ='2월'!E4 -> 현금(증액) | I1001: ='2월'!F4 -> 800000 | J1001: ='2월'!G4 -> 0 | K1001: ='2월'!H4 -> 0 | L1001: ='2월'!I4 -> 0 | M1001: ='2월'!J4 -> 0 | ... O1001: ='2월'!L4 -> 0 | P1001: =IF(AND(검색!$C$4<>"",E1001<>"",ISNUMBER(SEARCH(검색!$C$4,E1001)),OR(D1001<>"",F1001<>"",G1001<>"",H1001<>"")),COUNT(P$1:P1000)+1,"")
A1002: 1001 | B1002: 2월 | C1002: 5 | D1002: ='2월'!B5 -> 이현정 | E1002: =IF(D1002<>"",D1002,IF(B1002=B1001,E1001,"")) -> 이현정 | F1002: ='2월'!C5 -> 1000000 | G1002: ='2월'!D5 -> 2026.2.2 | H1002: ='2월'!E5 -> 현금 | I1002: ='2월'!F5 -> 800000 | J1002: ='2월'!G5 -> 2026.4.3 | K1002: ='2월'!H5 -> 신한 | L1002: ='2월'!I5 -> 605-06-611764 | M1002: ='2월'!J5 -> 이현정 | ... O1002: ='2월'!L5 -> 010-5229-8439 | P1002: =IF(AND(검색!$C$4<>"",E1002<>"",ISNUMBER(SEARCH(검색!$C$4,E1002)),OR(D1002<>"",F1002<>"",G1002<>"",H1002<>"")),COUNT(P$1:P1001)+1,"")
A1003: 1002 | B1003: 2월 | C1003: 6 | D1003: ='2월'!B6 -> 0 | E1003: =IF(D1003<>"",D1003,IF(B1003=B1002,E1002,"")) -> 0 | F1003: ='2월'!C6 -> 9000000 | G1003: ='2월'!D6 -> 2026.2.3 | H1003: ='2월'!E6 -> 현금 | I1003: ='2월'!F6 -> 0 | J1003: ='2월'!G6 -> 0 | K1003: ='2월'!H6 -> 0 | L1003: ='2월'!I6 -> 0 | M1003: ='2월'!J6 -> 0 | ... O1003: ='2월'!L6 -> 0 | P1003: =IF(AND(검색!$C$4<>"",E1003<>"",ISNUMBER(SEARCH(검색!$C$4,E1003)),OR(D1003<>"",F1003<>"",G1003<>"",H1003<>"")),COUNT(P$1:P1002)+1,"")
A1004: 1003 | B1004: 2월 | C1004: 7 | D1004: ='2월'!B7 -> 최정윤 | E1004: =IF(D1004<>"",D1004,IF(B1004=B1003,E1003,"")) -> 최정윤 | F1004: ='2월'!C7 -> 5000000 | G1004: ='2월'!D7 -> 2026.2.2 | H1004: ='2월'!E7 -> 현금 | I1004: ='2월'!F7 -> 800000 | J1004: ='2월'!G7 -> 2026.4.3 | K1004: ='2월'!H7 -> 농협은행 | L1004: ='2월'!I7 -> 125-12-155653 | M1004: ='2월'!J7 -> 김춘자 | ... O1004: ='2월'!L7 -> 010-8728-7294 | P1004: =IF(AND(검색!$C$4<>"",E1004<>"",ISNUMBER(SEARCH(검색!$C$4,E1004)),OR(D1004<>"",F1004<>"",G1004<>"",H1004<>"")),COUNT(P$1:P1003)+1,"")
A1005: 1004 | B1005: 2월 | C1005: 8 | D1005: ='2월'!B8 -> 0 | E1005: =IF(D1005<>"",D1005,IF(B1005=B1004,E1004,"")) -> 0 | F1005: ='2월'!C8 -> 5000000 | G1005: ='2월'!D8 -> 2026.2.3 | H1005: ='2월'!E8 -> 현금 | I1005: ='2월'!F8 -> 0 | J1005: ='2월'!G8 -> 0 | K1005: ='2월'!H8 -> 0 | L1005: ='2월'!I8 -> 0 | M1005: ='2월'!J8 -> 0 | ... O1005: ='2월'!L8 -> 0 | P1005: =IF(AND(검색!$C$4<>"",E1005<>"",ISNUMBER(SEARCH(검색!$C$4,E1005)),OR(D1005<>"",F1005<>"",G1005<>"",H1005<>"")),COUNT(P$1:P1004)+1,"")
A1006: 1005 | B1006: 2월 | C1006: 9 | D1006: ='2월'!B9 -> 최삼순 | E1006: =IF(D1006<>"",D1006,IF(B1006=B1005,E1005,"")) -> 최삼순 | F1006: ='2월'!C9 -> 19000000 | G1006: ='2월'!D9 -> 2026.2.2 | H1006: ='2월'!E9 -> 현금 | I1006: ='2월'!F9 -> 2028000 | J1006: ='2월'!G9 -> 2026.4.4 | K1006: ='2월'!H9 -> 하나 | L1006: ='2월'!I9 -> 363-810314-52607 | M1006: ='2월'!J9 -> 최삼순 | ... O1006: ='2월'!L9 -> 010-2937-0970 | P1006: =IF(AND(검색!$C$4<>"",E1006<>"",ISNUMBER(SEARCH(검색!$C$4,E1006)),OR(D1006<>"",F1006<>"",G1006<>"",H1006<>"")),COUNT(P$1:P1005)+1,"")
A1007: 1006 | B1007: 2월 | C1007: 10 | D1007: ='2월'!B10 -> 0 | E1007: =IF(D1007<>"",D1007,IF(B1007=B1006,E1006,"")) -> 0 | F1007: ='2월'!C10 -> 11000000 | G1007: ='2월'!D10 -> 2026.2.4 | H1007: ='2월'!E10 -> 현금(증액) | I1007: ='2월'!F10 -> 0 | J1007: ='2월'!G10 -> 0 | K1007: ='2월'!H10 -> 0 | L1007: ='2월'!I10 -> 0 | M1007: ='2월'!J10 -> 0 | ... O1007: ='2월'!L10 -> 0 | P1007: =IF(AND(검색!$C$4<>"",E1007<>"",ISNUMBER(SEARCH(검색!$C$4,E1007)),OR(D1007<>"",F1007<>"",G1007<>"",H1007<>"")),COUNT(P$1:P1006)+1,"")
A1008: 1007 | B1008: 2월 | C1008: 11 | D1008: ='2월'!B11 -> 기미향 | E1008: =IF(D1008<>"",D1008,IF(B1008=B1007,E1007,"")) -> 기미향 | F1008: ='2월'!C11 -> 10000000 | G1008: ='2월'!D11 -> 2026.2.4 | H1008: ='2월'!E11 -> 현금 | I1008: ='2월'!F11 -> 800000 | J1008: ='2월'!G11 -> 2026.4.4 | K1008: ='2월'!H11 -> 국민 | L1008: ='2월'!I11 -> 161-21-0074-774 | M1008: ='2월'!J11 -> 기미향 | ... O1008: ='2월'!L11 -> 010-9999-3760 | P1008: =IF(AND(검색!$C$4<>"",E1008<>"",ISNUMBER(SEARCH(검색!$C$4,E1008)),OR(D1008<>"",F1008<>"",G1008<>"",H1008<>"")),COUNT(P$1:P1007)+1,"")
A1009: 1008 | B1009: 2월 | C1009: 12 | D1009: ='2월'!B12 -> 김진선 | E1009: =IF(D1009<>"",D1009,IF(B1009=B1008,E1008,"")) -> 김진선 | F1009: ='2월'!C12 -> 10000000 | G1009: ='2월'!D12 -> 2026.2.4 | H1009: ='2월'!E12 -> 0 | I1009: ='2월'!F12 -> 800000 | J1009: ='2월'!G12 -> 2026.4.4 | K1009: ='2월'!H12 -> 농협 | L1009: ='2월'!I12 -> 352-0257-7656-13 | M1009: ='2월'!J12 -> 김지섭 | ... O1009: ='2월'!L12 -> 010-7565-7950 | P1009: =IF(AND(검색!$C$4<>"",E1009<>"",ISNUMBER(SEARCH(검색!$C$4,E1009)),OR(D1009<>"",F1009<>"",G1009<>"",H1009<>"")),COUNT(P$1:P1008)+1,"")
A1010: 1009 | B1010: 2월 | C1010: 13 | D1010: ='2월'!B13 -> 손서연 | E1010: =IF(D1010<>"",D1010,IF(B1010=B1009,E1009,"")) -> 손서연 | F1010: ='2월'!C13 -> 10000000 | G1010: ='2월'!D13 -> 2026.2.4 | H1010: ='2월'!E13 -> 현금(에이멘비) | I1010: ='2월'!F13 -> 800000 | J1010: ='2월'!G13 -> 2026.4.4 | K1010: ='2월'!H13 -> 국민 | L1010: ='2월'!I13 -> 460602-01-157376 | M1010: ='2월'!J13 -> 손서연 | ... O1010: ='2월'!L13 -> 010-5659-5871 | P1010: =IF(AND(검색!$C$4<>"",E1010<>"",ISNUMBER(SEARCH(검색!$C$4,E1010)),OR(D1010<>"",F1010<>"",G1010<>"",H1010<>"")),COUNT(P$1:P1009)+1,"")
A1011: 1010 | B1011: 2월 | C1011: 14 | D1011: ='2월'!B14 -> 이명애 | E1011: =IF(D1011<>"",D1011,IF(B1011=B1010,E1010,"")) -> 이명애 | F1011: ='2월'!C14 -> 10000000 | G1011: ='2월'!D14 -> 2026.2.6 | H1011: ='2월'!E14 -> 현금 | I1011: ='2월'!F14 -> 0 | J1011: ='2월'!G14 -> 2026.4.6 | K1011: ='2월'!H14 -> 국민 | L1011: ='2월'!I14 -> 811402-04-094276 | M1011: ='2월'!J14 -> 이명애 | ... O1011: ='2월'!L14 -> 010-4782-9052 | P1011: =IF(AND(검색!$C$4<>"",E1011<>"",ISNUMBER(SEARCH(검색!$C$4,E1011)),OR(D1011<>"",F1011<>"",G1011<>"",H1011<>"")),COUNT(P$1:P1010)+1,"")
... A1997: 1996 | B1997: 2월 | C1997: 1000 | D1997: ='2월'!B1000 -> 0 | E1997: =IF(D1997<>"",D1997,IF(B1997=B1996,E1996,"")) -> 0 | F1997: ='2월'!C1000 -> 0 | G1997: ='2월'!D1000 -> 0 | H1997: ='2월'!E1000 -> 0 | I1997: ='2월'!F1000 -> 0 | J1997: ='2월'!G1000 -> 0 | K1997: ='2월'!H1000 -> 0 | L1997: ='2월'!I1000 -> 0 | M1997: ='2월'!J1000 -> 0 | ... O1997: ='2월'!L1000 -> 0 | P1997: =IF(AND(검색!$C$4<>"",E1997<>"",ISNUMBER(SEARCH(검색!$C$4,E1997)),OR(D1997<>"",F1997<>"",G1997<>"",H1997<>"")),COUNT(P$1:P1996)+1,"")
A1998: 1997 | B1998: 3월 | C1998: 3 | D1998: ='3월'!B3 -> 신정환 | E1998: =IF(D1998<>"",D1998,IF(B1998=B1997,E1997,"")) -> 신정환 | F1998: ='3월'!C3 -> 10000000 | G1998: ='3월'!D3 -> 46082 | H1998: ='3월'!E3 -> 현금 | I1998: ='3월'!F3 -> 800000 | J1998: ='3월'!G3 -> 46143 | K1998: ='3월'!H3 -> 씨티은행 | L1998: ='3월'!I3 -> 421-51330-267 | M1998: ='3월'!J3 -> 나유경 | ... O1998: ='3월'!L3 -> 010-3600-6943 | P1998: =IF(AND(검색!$C$4<>"",E1998<>"",ISNUMBER(SEARCH(검색!$C$4,E1998)),OR(D1998<>"",F1998<>"",G1998<>"",H1998<>"")),COUNT(P$1:P1997)+1,"")
A1999: 1998 | B1999: 3월 | C1999: 4 | D1999: ='3월'!B4 -> 경민호 | E1999: =IF(D1999<>"",D1999,IF(B1999=B1998,E1998,"")) -> 경민호 | F1999: ='3월'!C4 -> 10000000 | G1999: ='3월'!D4 -> 46083 | H1999: ='3월'!E4 -> 현금 | I1999: ='3월'!F4 -> 800000 | J1999: ='3월'!G4 -> 46144 | K1999: ='3월'!H4 -> 카카오뱅크 | L1999: ='3월'!I4 -> 3333-34-7252756 | M1999: ='3월'!J4 -> 경기련 | ... O1999: ='3월'!L4 -> 010-7644-5049 | P1999: =IF(AND(검색!$C$4<>"",E1999<>"",ISNUMBER(SEARCH(검색!$C$4,E1999)),OR(D1999<>"",F1999<>"",G1999<>"",H1999<>"")),COUNT(P$1:P1998)+1,"")
A2000: 1999 | B2000: 3월 | C2000: 5 | D2000: ='3월'!B5 -> 강희숙 | E2000: =IF(D2000<>"",D2000,IF(B2000=B1999,E1999,"")) -> 강희숙 | F2000: ='3월'!C5 -> 10000000 | G2000: ='3월'!D5 -> 46084 | H2000: ='3월'!E5 -> 현금 | I2000: ='3월'!F5 -> 800000 | J2000: ='3월'!G5 -> 46145 | K2000: ='3월'!H5 -> 우리은행 | L2000: ='3월'!I5 -> 1002-738-720421 | M2000: ='3월'!J5 -> 강희숙 | ... O2000: ='3월'!L5 -> 010-7134-5784 | P2000: =IF(AND(검색!$C$4<>"",E2000<>"",ISNUMBER(SEARCH(검색!$C$4,E2000)),OR(D2000<>"",F2000<>"",G2000<>"",H2000<>"")),COUNT(P$1:P1999)+1,"")
A2001: 2000 | B2001: 3월 | C2001: 6 | D2001: ='3월'!B6 -> 이영희 | E2001: =IF(D2001<>"",D2001,IF(B2001=B2000,E2000,"")) -> 이영희 | F2001: ='3월'!C6 -> 10000000 | G2001: ='3월'!D6 -> 46084 | H2001: ='3월'!E6 -> 현금 | I2001: ='3월'!F6 -> 800000 | J2001: ='3월'!G6 -> 46145 | K2001: ='3월'!H6 -> 하나은행 | L2001: ='3월'!I6 -> 367-910374-17107 | M2001: ='3월'!J6 -> 노현주 | ... O2001: ='3월'!L6 -> 010-7734-1234 | P2001: =IF(AND(검색!$C$4<>"",E2001<>"",ISNUMBER(SEARCH(검색!$C$4,E2001)),OR(D2001<>"",F2001<>"",G2001<>"",H2001<>"")),COUNT(P$1:P2000)+1,"")
A2002: 2001 | B2002: 3월 | C2002: 7 | D2002: ='3월'!B7 -> 김사승 | E2002: =IF(D2002<>"",D2002,IF(B2002=B2001,E2001,"")) -> 김사승 | F2002: ='3월'!C7 -> 10000000 | G2002: ='3월'!D7 -> 46085 | H2002: ='3월'!E7 -> 현금 | I2002: ='3월'!F7 -> 800000 | J2002: ='3월'!G7 -> 46146 | K2002: ='3월'!H7 -> 시티은행 | L2002: ='3월'!I7 -> 445-08484-265-01 | M2002: ='3월'!J7 -> 김사승 | ... O2002: ='3월'!L7 -> 010-4397-8408 | P2002: =IF(AND(검색!$C$4<>"",E2002<>"",ISNUMBER(SEARCH(검색!$C$4,E2002)),OR(D2002<>"",F2002<>"",G2002<>"",H2002<>"")),COUNT(P$1:P2001)+1,"")
A2003: 2002 | B2003: 3월 | C2003: 8 | D2003: ='3월'!B8 -> 류희자 | E2003: =IF(D2003<>"",D2003,IF(B2003=B2002,E2002,"")) -> 류희자 | F2003: ='3월'!C8 -> 10000000 | G2003: ='3월'!D8 -> 46085 | H2003: ='3월'!E8 -> 카드/현금 | I2003: ='3월'!F8 -> 800000 | J2003: ='3월'!G8 -> 46146 | K2003: ='3월'!H8 -> 국민은행 | L2003: ='3월'!I8 -> 825-24-0204-011 | M2003: ='3월'!J8 -> 류희자 | ... O2003: ='3월'!L8 -> 010-8654-7450 | P2003: =IF(AND(검색!$C$4<>"",E2003<>"",ISNUMBER(SEARCH(검색!$C$4,E2003)),OR(D2003<>"",F2003<>"",G2003<>"",H2003<>"")),COUNT(P$1:P2002)+1,"")
A2004: 2003 | B2004: 3월 | C2004: 9 | D2004: ='3월'!B9 -> 이은정 | E2004: =IF(D2004<>"",D2004,IF(B2004=B2003,E2003,"")) -> 이은정 | F2004: ='3월'!C9 -> 10000000 | G2004: ='3월'!D9 -> 46085 | H2004: ='3월'!E9 -> 0 | I2004: ='3월'!F9 -> 500000 | J2004: ='3월'!G9 -> 46146 | K2004: ='3월'!H9 -> 신한은행 | L2004: ='3월'!I9 -> 110-231-120735 | M2004: ='3월'!J9 -> 이은정 | ... O2004: ='3월'!L9 -> 010-3218-1738 | P2004: =IF(AND(검색!$C$4<>"",E2004<>"",ISNUMBER(SEARCH(검색!$C$4,E2004)),OR(D2004<>"",F2004<>"",G2004<>"",H2004<>"")),COUNT(P$1:P2003)+1,"")
A2005: 2004 | B2005: 3월 | C2005: 10 | D2005: ='3월'!B10 -> 김춘봉 | E2005: =IF(D2005<>"",D2005,IF(B2005=B2004,E2004,"")) -> 김춘봉 | F2005: ='3월'!C10 -> 10000000 | G2005: ='3월'!D10 -> 46086 | H2005: ='3월'!E10 -> 현금 | I2005: ='3월'!F10 -> 800000 | J2005: ='3월'!G10 -> 46147 | K2005: ='3월'!H10 -> 농협은행 | L2005: ='3월'!I10 -> 302-1787-7879-31 | M2005: ='3월'!J10 -> 김영순 | ... O2005: ='3월'!L10 -> 010-6280-1703 | P2005: =IF(AND(검색!$C$4<>"",E2005<>"",ISNUMBER(SEARCH(검색!$C$4,E2005)),OR(D2005<>"",F2005<>"",G2005<>"",H2005<>"")),COUNT(P$1:P2004)+1,"")
A2006: 2005 | B2006: 3월 | C2006: 11 | D2006: ='3월'!B11 -> 박정희 | E2006: =IF(D2006<>"",D2006,IF(B2006=B2005,E2005,"")) -> 박정희 | F2006: ='3월'!C11 -> 10000000 | G2006: ='3월'!D11 -> 46086 | H2006: ='3월'!E11 -> 현금 | I2006: ='3월'!F11 -> 800000 | J2006: ='3월'!G11 -> 46147 | K2006: ='3월'!H11 -> 농협은행 | L2006: ='3월'!I11 -> 302-1195-2579-41 | M2006: ='3월'!J11 -> 박정희 | ... O2006: ='3월'!L11 -> 010-7216-3678 | P2006: =IF(AND(검색!$C$4<>"",E2006<>"",ISNUMBER(SEARCH(검색!$C$4,E2006)),OR(D2006<>"",F2006<>"",G2006<>"",H2006<>"")),COUNT(P$1:P2005)+1,"")
A2007: 2006 | B2007: 3월 | C2007: 12 | D2007: ='3월'!B12 -> 홍경미 | E2007: =IF(D2007<>"",D2007,IF(B2007=B2006,E2006,"")) -> 홍경미 | F2007: ='3월'!C12 -> 10000000 | G2007: ='3월'!D12 -> 46086 | H2007: ='3월'!E12 -> 현금 | I2007: ='3월'!F12 -> 800000 | J2007: ='3월'!G12 -> 46147 | K2007: ='3월'!H12 -> 농협은행 | L2007: ='3월'!I12 -> 356-0782-6434-13 | M2007: ='3월'!J12 -> 이영원 | ... O2007: ='3월'!L12 -> 010-8297-8657 | P2007: =IF(AND(검색!$C$4<>"",E2007<>"",ISNUMBER(SEARCH(검색!$C$4,E2007)),OR(D2007<>"",F2007<>"",G2007<>"",H2007<>"")),COUNT(P$1:P2006)+1,"")
A2008: 2007 | B2008: 3월 | C2008: 13 | D2008: ='3월'!B13 -> 이향순 | E2008: =IF(D2008<>"",D2008,IF(B2008=B2007,E2007,"")) -> 이향순 | F2008: ='3월'!C13 -> 30000000 | G2008: ='3월'!D13 -> 46086 | H2008: ='3월'!E13 -> 현금 | I2008: ='3월'!F13 -> 0 | J2008: ='3월'!G13 -> 46147 | K2008: ='3월'!H13 -> 농협은행 | L2008: ='3월'!I13 -> 352-1320-5515-13 | M2008: ='3월'!J13 -> 이윤미 | ... O2008: ='3월'!L13 -> 010-4718-2525 | P2008: =IF(AND(검색!$C$4<>"",E2008<>"",ISNUMBER(SEARCH(검색!$C$4,E2008)),OR(D2008<>"",F2008<>"",G2008<>"",H2008<>"")),COUNT(P$1:P2007)+1,"")
A2009: 2008 | B2009: 3월 | C2009: 14 | D2009: ='3월'!B14 -> 김영돈 | E2009: =IF(D2009<>"",D2009,IF(B2009=B2008,E2008,"")) -> 김영돈 | F2009: ='3월'!C14 -> 60000000 | G2009: ='3월'!D14 -> 46086 | H2009: ='3월'!E14 -> 현금 | I2009: ='3월'!F14 -> 4056000 | J2009: ='3월'!G14 -> 46147 | K2009: ='3월'!H14 -> 신한은행 | L2009: ='3월'!I14 -> 110-486-382256 | M2009: ='3월'!J14 -> 김영돈 | ... O2009: ='3월'!L14 -> 010-9454-5285 | P2009: =IF(AND(검색!$C$4<>"",E2009<>"",ISNUMBER(SEARCH(검색!$C$4,E2009)),OR(D2009<>"",F2009<>"",G2009<>"",H2009<>"")),COUNT(P$1:P2008)+1,"")
... A2104: 2103 | B2104: 3월 | C2104: 109 | D2104: ='3월'!B109 -> 손애솔 | E2104: =IF(D2104<>"",D2104,IF(B2104=B2103,E2103,"")) -> 손애솔 | F2104: ='3월'!C109 -> 10000000 | G2104: ='3월'!D109 -> 46098 | H2104: ='3월'!E109 -> 현금 | I2104: ='3월'!F109 -> 800000 | J2104: ='3월'!G109 -> 46159 | K2104: ='3월'!H109 -> 카카오뱅크 | L2104: ='3월'!I109 -> 3333-05-1201-846 | M2104: ='3월'!J109 -> 김현 | ... O2104: ='3월'!L109 -> 010-8968-7314 | P2104: =IF(AND(검색!$C$4<>"",E2104<>"",ISNUMBER(SEARCH(검색!$C$4,E2104)),OR(D2104<>"",F2104<>"",G2104<>"",H2104<>"")),COUNT(P$1:P2103)+1,"")
A2105: 2104 | B2105: 3월 | C2105: 110 | D2105: ='4월'!B124 -> 노영경 | E2105: =IF(D2105<>"",D2105,IF(B2105=B2104,E2104,"")) -> 노영경 | F2105: ='4월'!C124 -> 40000000 | G2105: ='4월'!D124 -> 46135 | H2105: ='4월'!E124 -> 현금 | I2105: ='4월'!F124 -> 4056000 | J2105: ='4월'!G124 -> 46198 | K2105: ='4월'!H124 -> 우리은행 | L2105: ='4월'!I124 -> 1002-634-570005 | M2105: ='4월'!J124 -> 노영경 | ... O2105: ='4월'!L124 -> 010-5315-9756 | P2105: =IF(AND(검색!$C$4<>"",E2105<>"",ISNUMBER(SEARCH(검색!$C$4,E2105)),OR(D2105<>"",F2105<>"",G2105<>"",H2105<>"")),COUNT(P$1:P2104)+1,"")
A2106: 2105 | B2106: 3월 | C2106: 111 | D2106: ='3월'!B111 -> 0 | E2106: =IF(D2106<>"",D2106,IF(B2106=B2105,E2105,"")) -> 0 | F2106: ='3월'!C111 -> 0 | G2106: ='3월'!D111 -> 0 | H2106: ='3월'!E111 -> 0 | I2106: ='3월'!F111 -> 0 | J2106: ='3월'!G111 | K2106: ='3월'!H111 -> 0 | L2106: ='3월'!I111 -> 0 | M2106: ='3월'!J111 | ... O2106: ='3월'!L111 -> 0 | P2106: =IF(AND(검색!$C$4<>"",E2106<>"",ISNUMBER(SEARCH(검색!$C$4,E2106)),OR(D2106<>"",F2106<>"",G2106<>"",H2106<>"")),COUNT(P$1:P2105)+1,"")
A2107: 2106 | B2107: 3월 | C2107: 112 | D2107: ='3월'!B112 -> 0 | E2107: =IF(D2107<>"",D2107,IF(B2107=B2106,E2106,"")) -> 0 | F2107: ='3월'!C112 -> 0 | G2107: ='3월'!D112 -> 0 | H2107: ='3월'!E112 -> 0 | I2107: ='3월'!F112 -> 0 | J2107: ='3월'!G112 | K2107: ='3월'!H112 -> 0 | L2107: ='3월'!I112 -> 0 | M2107: ='3월'!J112 | ... O2107: ='3월'!L112 -> 0 | P2107: =IF(AND(검색!$C$4<>"",E2107<>"",ISNUMBER(SEARCH(검색!$C$4,E2107)),OR(D2107<>"",F2107<>"",G2107<>"",H2107<>"")),COUNT(P$1:P2106)+1,"")
A2108: 2107 | B2108: 3월 | C2108: 113 | D2108: ='3월'!B113 -> 0 | E2108: =IF(D2108<>"",D2108,IF(B2108=B2107,E2107,"")) -> 0 | F2108: ='3월'!C113 -> 0 | G2108: ='3월'!D113 -> 0 | H2108: ='3월'!E113 -> 0 | I2108: ='3월'!F113 -> 0 | J2108: ='3월'!G113 | K2108: ='3월'!H113 -> 0 | L2108: ='3월'!I113 -> 0 | M2108: ='3월'!J113 | ... O2108: ='3월'!L113 -> 0 | P2108: =IF(AND(검색!$C$4<>"",E2108<>"",ISNUMBER(SEARCH(검색!$C$4,E2108)),OR(D2108<>"",F2108<>"",G2108<>"",H2108<>"")),COUNT(P$1:P2107)+1,"")
A2109: 2108 | B2109: 3월 | C2109: 114 | D2109: ='3월'!B114 -> 0 | E2109: =IF(D2109<>"",D2109,IF(B2109=B2108,E2108,"")) -> 0 | F2109: ='3월'!C114 -> 0 | G2109: ='3월'!D114 -> 0 | H2109: ='3월'!E114 -> 0 | I2109: ='3월'!F114 -> 0 | J2109: ='3월'!G114 | K2109: ='3월'!H114 -> 0 | L2109: ='3월'!I114 -> 0 | M2109: ='3월'!J114 | ... O2109: ='3월'!L114 -> 0 | P2109: =IF(AND(검색!$C$4<>"",E2109<>"",ISNUMBER(SEARCH(검색!$C$4,E2109)),OR(D2109<>"",F2109<>"",G2109<>"",H2109<>"")),COUNT(P$1:P2108)+1,"")
A2110: 2109 | B2110: 3월 | C2110: 115 | D2110: ='3월'!B115 -> 0 | E2110: =IF(D2110<>"",D2110,IF(B2110=B2109,E2109,"")) -> 0 | F2110: ='3월'!C115 -> 0 | G2110: ='3월'!D115 -> 0 | H2110: ='3월'!E115 -> 0 | I2110: ='3월'!F115 -> 0 | J2110: ='3월'!G115 | K2110: ='3월'!H115 -> 0 | L2110: ='3월'!I115 -> 0 | M2110: ='3월'!J115 | ... O2110: ='3월'!L115 -> 0 | P2110: =IF(AND(검색!$C$4<>"",E2110<>"",ISNUMBER(SEARCH(검색!$C$4,E2110)),OR(D2110<>"",F2110<>"",G2110<>"",H2110<>"")),COUNT(P$1:P2109)+1,"")
A2111: 2110 | B2111: 3월 | C2111: 116 | D2111: ='3월'!B116 -> 0 | E2111: =IF(D2111<>"",D2111,IF(B2111=B2110,E2110,"")) -> 0 | F2111: ='3월'!C116 -> 0 | G2111: ='3월'!D116 -> 0 | H2111: ='3월'!E116 -> 0 | I2111: ='3월'!F116 -> 0 | J2111: ='3월'!G116 | K2111: ='3월'!H116 -> 0 | L2111: ='3월'!I116 -> 0 | M2111: ='3월'!J116 | ... O2111: ='3월'!L116 -> 0 | P2111: =IF(AND(검색!$C$4<>"",E2111<>"",ISNUMBER(SEARCH(검색!$C$4,E2111)),OR(D2111<>"",F2111<>"",G2111<>"",H2111<>"")),COUNT(P$1:P2110)+1,"")
A2112: 2111 | B2112: 3월 | C2112: 117 | D2112: ='3월'!B117 -> 0 | E2112: =IF(D2112<>"",D2112,IF(B2112=B2111,E2111,"")) -> 0 | F2112: ='3월'!C117 -> 0 | G2112: ='3월'!D117 -> 0 | H2112: ='3월'!E117 -> 0 | I2112: ='3월'!F117 -> 0 | J2112: ='3월'!G117 | K2112: ='3월'!H117 -> 0 | L2112: ='3월'!I117 -> 0 | M2112: ='3월'!J117 | ... O2112: ='3월'!L117 -> 0 | P2112: =IF(AND(검색!$C$4<>"",E2112<>"",ISNUMBER(SEARCH(검색!$C$4,E2112)),OR(D2112<>"",F2112<>"",G2112<>"",H2112<>"")),COUNT(P$1:P2111)+1,"")
A2113: 2112 | B2113: 3월 | C2113: 118 | D2113: ='3월'!B118 -> 0 | E2113: =IF(D2113<>"",D2113,IF(B2113=B2112,E2112,"")) -> 0 | F2113: ='3월'!C118 -> 0 | G2113: ='3월'!D118 -> 0 | H2113: ='3월'!E118 -> 0 | I2113: ='3월'!F118 -> 0 | J2113: ='3월'!G118 | K2113: ='3월'!H118 -> 0 | L2113: ='3월'!I118 -> 0 | M2113: ='3월'!J118 | ... O2113: ='3월'!L118 -> 0 | P2113: =IF(AND(검색!$C$4<>"",E2113<>"",ISNUMBER(SEARCH(검색!$C$4,E2113)),OR(D2113<>"",F2113<>"",G2113<>"",H2113<>"")),COUNT(P$1:P2112)+1,"")
A2114: 2113 | B2114: 3월 | C2114: 119 | D2114: ='3월'!B119 -> 0 | E2114: =IF(D2114<>"",D2114,IF(B2114=B2113,E2113,"")) -> 0 | F2114: ='3월'!C119 -> 0 | G2114: ='3월'!D119 -> 0 | H2114: ='3월'!E119 -> 0 | I2114: ='3월'!F119 -> 0 | J2114: ='3월'!G119 | K2114: ='3월'!H119 -> 0 | L2114: ='3월'!I119 -> 0 | M2114: ='3월'!J119 | ... O2114: ='3월'!L119 -> 0 | P2114: =IF(AND(검색!$C$4<>"",E2114<>"",ISNUMBER(SEARCH(검색!$C$4,E2114)),OR(D2114<>"",F2114<>"",G2114<>"",H2114<>"")),COUNT(P$1:P2113)+1,"")
A2115: 2114 | B2115: 3월 | C2115: 120 | D2115: ='3월'!B120 -> 0 | E2115: =IF(D2115<>"",D2115,IF(B2115=B2114,E2114,"")) -> 0 | F2115: ='3월'!C120 -> 0 | G2115: ='3월'!D120 -> 0 | H2115: ='3월'!E120 -> 0 | I2115: ='3월'!F120 -> 0 | J2115: ='3월'!G120 | K2115: ='3월'!H120 -> 0 | L2115: ='3월'!I120 -> 0 | M2115: ='3월'!J120 | ... O2115: ='3월'!L120 -> 0 | P2115: =IF(AND(검색!$C$4<>"",E2115<>"",ISNUMBER(SEARCH(검색!$C$4,E2115)),OR(D2115<>"",F2115<>"",G2115<>"",H2115<>"")),COUNT(P$1:P2114)+1,"")
A2116: 2115 | B2116: 3월 | C2116: 121 | D2116: ='3월'!B121 -> 0 | E2116: =IF(D2116<>"",D2116,IF(B2116=B2115,E2115,"")) -> 0 | F2116: ='3월'!C121 -> 0 | G2116: ='3월'!D121 -> 0 | H2116: ='3월'!E121 -> 0 | I2116: ='3월'!F121 -> 0 | J2116: ='3월'!G121 | K2116: ='3월'!H121 -> 0 | L2116: ='3월'!I121 -> 0 | M2116: ='3월'!J121 | ... O2116: ='3월'!L121 -> 0 | P2116: =IF(AND(검색!$C$4<>"",E2116<>"",ISNUMBER(SEARCH(검색!$C$4,E2116)),OR(D2116<>"",F2116<>"",G2116<>"",H2116<>"")),COUNT(P$1:P2115)+1,"")
A2117: 2116 | B2117: 3월 | C2117: 122 | D2117: ='3월'!B122 -> 0 | E2117: =IF(D2117<>"",D2117,IF(B2117=B2116,E2116,"")) -> 0 | F2117: ='3월'!C122 -> 0 | G2117: ='3월'!D122 -> 0 | H2117: ='3월'!E122 -> 0 | I2117: ='3월'!F122 -> 0 | J2117: ='3월'!G122 | K2117: ='3월'!H122 -> 0 | L2117: ='3월'!I122 -> 0 | M2117: ='3월'!J122 | ... O2117: ='3월'!L122 -> 0 | P2117: =IF(AND(검색!$C$4<>"",E2117<>"",ISNUMBER(SEARCH(검색!$C$4,E2117)),OR(D2117<>"",F2117<>"",G2117<>"",H2117<>"")),COUNT(P$1:P2116)+1,"")
... A2995: 2994 | B2995: 3월 | C2995: 1000 | D2995: ='3월'!B1000 -> 0 | E2995: =IF(D2995<>"",D2995,IF(B2995=B2994,E2994,"")) -> 0 | F2995: ='3월'!C1000 -> 0 | G2995: ='3월'!D1000 -> 0 | H2995: ='3월'!E1000 -> 0 | I2995: ='3월'!F1000 -> 0 | J2995: ='3월'!G1000 -> 0 | K2995: ='3월'!H1000 -> 0 | L2995: ='3월'!I1000 -> 0 | M2995: ='3월'!J1000 -> 0 | ... O2995: ='3월'!L1000 -> 0 | P2995: =IF(AND(검색!$C$4<>"",E2995<>"",ISNUMBER(SEARCH(검색!$C$4,E2995)),OR(D2995<>"",F2995<>"",G2995<>"",H2995<>"")),COUNT(P$1:P2994)+1,"")
A2996: 2995 | B2996: 4월 | C2996: 3 | D2996: ='4월'!B3 -> 강유나 | E2996: =IF(D2996<>"",D2996,IF(B2996=B2995,E2995,"")) -> 강유나 | F2996: ='4월'!C3 -> 10000000 | G2996: ='4월'!D3 -> 46115 | H2996: ='4월'!E3 -> 카드/현금 | I2996: ='4월'!F3 -> 800000 | J2996: ='4월'!G3 -> 46176 | K2996: ='4월'!H3 -> 농협은행 | L2996: ='4월'!I3 -> 302-0865-2540-21 | M2996: ='4월'!J3 -> 강유나 | ... O2996: ='4월'!L3 -> 010-6851-5709 | P2996: =IF(AND(검색!$C$4<>"",E2996<>"",ISNUMBER(SEARCH(검색!$C$4,E2996)),OR(D2996<>"",F2996<>"",G2996<>"",H2996<>"")),COUNT(P$1:P2995)+1,"")
A2997: 2996 | B2997: 4월 | C2997: 4 | D2997: ='4월'!B4 -> 김용규 | E2997: =IF(D2997<>"",D2997,IF(B2997=B2996,E2996,"")) -> 김용규 | F2997: ='4월'!C4 -> 0 | G2997: ='4월'!D4 -> 46114 | H2997: ='4월'!E4 -> 현금 | I2997: ='4월'!F4 -> 0 | J2997: ='4월'!G4 -> 46175 | K2997: ='4월'!H4 -> 우리은행 | L2997: ='4월'!I4 -> 1002-942-593052 | M2997: ='4월'!J4 -> 김용규 | ... O2997: ='4월'!L4 -> 010-3152-3764 | P2997: =IF(AND(검색!$C$4<>"",E2997<>"",ISNUMBER(SEARCH(검색!$C$4,E2997)),OR(D2997<>"",F2997<>"",G2997<>"",H2997<>"")),COUNT(P$1:P2996)+1,"")
A2998: 2997 | B2998: 4월 | C2998: 5 | D2998: ='4월'!B5 -> 유경후 | E2998: =IF(D2998<>"",D2998,IF(B2998=B2997,E2997,"")) -> 유경후 | F2998: ='4월'!C5 -> 10000000 | G2998: ='4월'!D5 -> 46114 | H2998: ='4월'!E5 -> 현금 | I2998: ='4월'!F5 -> 800000 | J2998: ='4월'!G5 -> 46175 | K2998: ='4월'!H5 -> 우리은행 | L2998: ='4월'!I5 -> 1002-942-593052 | M2998: ='4월'!J5 -> 유경주 | ... O2998: ='4월'!L5 -> 010-3152-3764 | P2998: =IF(AND(검색!$C$4<>"",E2998<>"",ISNUMBER(SEARCH(검색!$C$4,E2998)),OR(D2998<>"",F2998<>"",G2998<>"",H2998<>"")),COUNT(P$1:P2997)+1,"")
A2999: 2998 | B2999: 4월 | C2999: 6 | D2999: ='4월'!B6 -> 김주성 | E2999: =IF(D2999<>"",D2999,IF(B2999=B2998,E2998,"")) -> 김주성 | F2999: ='4월'!C6 -> 20000000 | G2999: ='4월'!D6 -> 46114 | H2999: ='4월'!E6 -> 현금 | I2999: ='4월'!F6 -> 0 | J2999: ='4월'!G6 -> 46175 | K2999: ='4월'!H6 -> 우리은행 | L2999: ='4월'!I6 -> 1002-942-593052 | M2999: ='4월'!J6 -> 유경주 | ... O2999: ='4월'!L6 -> 010-3152-3764 | P2999: =IF(AND(검색!$C$4<>"",E2999<>"",ISNUMBER(SEARCH(검색!$C$4,E2999)),OR(D2999<>"",F2999<>"",G2999<>"",H2999<>"")),COUNT(P$1:P2998)+1,"")
A3000: 2999 | B3000: 4월 | C3000: 7 | D3000: ='4월'!B7 -> 조은영 | E3000: =IF(D3000<>"",D3000,IF(B3000=B2999,E2999,"")) -> 조은영 | F3000: ='4월'!C7 -> 10000000 | G3000: ='4월'!D7 -> 46113 | H3000: ='4월'!E7 -> 현금 | I3000: ='4월'!F7 -> 800000 | J3000: ='4월'!G7 -> 46174 | K3000: ='4월'!H7 -> 농협은행 | L3000: ='4월'!I7 -> 356-1499-5675-33 | M3000: ='4월'!J7 -> 조은영 | ... O3000: ='4월'!L7 -> 010-5106-9098 | P3000: =IF(AND(검색!$C$4<>"",E3000<>"",ISNUMBER(SEARCH(검색!$C$4,E3000)),OR(D3000<>"",F3000<>"",G3000<>"",H3000<>"")),COUNT(P$1:P2999)+1,"")
A3001: 3000 | B3001: 4월 | C3001: 8 | D3001: ='4월'!B8 -> 김지선 | E3001: =IF(D3001<>"",D3001,IF(B3001=B3000,E3000,"")) -> 김지선 | F3001: ='4월'!C8 -> 10000000 | G3001: ='4월'!D8 -> 46113 | H3001: ='4월'!E8 -> 현금 | I3001: ='4월'!F8 -> 800000 | J3001: ='4월'!G8 -> 46174 | K3001: ='4월'!H8 -> 농협은행 | L3001: ='4월'!I8 -> 356-1446-1396-13 | M3001: ='4월'!J8 -> 최영하 | ... O3001: ='4월'!L8 -> 010-3436-4407 | P3001: =IF(AND(검색!$C$4<>"",E3001<>"",ISNUMBER(SEARCH(검색!$C$4,E3001)),OR(D3001<>"",F3001<>"",G3001<>"",H3001<>"")),COUNT(P$1:P3000)+1,"")
A3002: 3001 | B3002: 4월 | C3002: 9 | D3002: ='4월'!B9 -> 최민주 | E3002: =IF(D3002<>"",D3002,IF(B3002=B3001,E3001,"")) -> 최민주 | F3002: ='4월'!C9 -> 10000000 | G3002: ='4월'!D9 -> 46113 | H3002: ='4월'!E9 -> 현금 | I3002: ='4월'!F9 -> 800000 | J3002: ='4월'!G9 -> 46174 | K3002: ='4월'!H9 -> 농협은행 | L3002: ='4월'!I9 -> 356-1446-1396-13 | M3002: ='4월'!J9 -> 최영하 | ... O3002: ='4월'!L9 -> 010-8950-5833 | P3002: =IF(AND(검색!$C$4<>"",E3002<>"",ISNUMBER(SEARCH(검색!$C$4,E3002)),OR(D3002<>"",F3002<>"",G3002<>"",H3002<>"")),COUNT(P$1:P3001)+1,"")
A3003: 3002 | B3003: 4월 | C3003: 10 | D3003: ='4월'!B10 -> 이옥경 | E3003: =IF(D3003<>"",D3003,IF(B3003=B3002,E3002,"")) -> 이옥경 | F3003: ='4월'!C10 -> 10000000 | G3003: ='4월'!D10 -> 46113 | H3003: ='4월'!E10 -> 현금 | I3003: ='4월'!F10 -> 500000 | J3003: ='4월'!G10 -> 46174 | K3003: ='4월'!H10 -> 하나은행 | L3003: ='4월'!I10 -> 842-910274-60207 | M3003: ='4월'!J10 -> 이옥경 | ... O3003: ='4월'!L10 -> 010-6218-9613 | P3003: =IF(AND(검색!$C$4<>"",E3003<>"",ISNUMBER(SEARCH(검색!$C$4,E3003)),OR(D3003<>"",F3003<>"",G3003<>"",H3003<>"")),COUNT(P$1:P3002)+1,"")
A3004: 3003 | B3004: 4월 | C3004: 11 | D3004: ='4월'!B11 -> 윤현경 | E3004: =IF(D3004<>"",D3004,IF(B3004=B3003,E3003,"")) -> 윤현경 | F3004: ='4월'!C11 -> 10000000 | G3004: ='4월'!D11 -> 46115 | H3004: ='4월'!E11 -> 현금 | I3004: ='4월'!F11 -> 800000 | J3004: ='4월'!G11 -> 46176 | K3004: ='4월'!H11 -> 제주은행 | L3004: ='4월'!I11 -> 19-02-304181 | M3004: ='4월'!J11 -> 윤현경 | ... O3004: ='4월'!L11 -> 010-9695-8749 | P3004: =IF(AND(검색!$C$4<>"",E3004<>"",ISNUMBER(SEARCH(검색!$C$4,E3004)),OR(D3004<>"",F3004<>"",G3004<>"",H3004<>"")),COUNT(P$1:P3003)+1,"")
A3005: 3004 | B3005: 4월 | C3005: 12 | D3005: ='4월'!B12 -> 김성만 | E3005: =IF(D3005<>"",D3005,IF(B3005=B3004,E3004,"")) -> 김성만 | F3005: ='4월'!C12 -> 20000000 | G3005: ='4월'!D12 -> 46118 | H3005: ='4월'!E12 -> 현금 | I3005: ='4월'!F12 -> 0 | J3005: ='4월'!G12 -> 46179 | K3005: ='4월'!H12 -> 신한은행 | L3005: ='4월'!I12 -> 110-516-511430 | M3005: ='4월'!J12 -> 김성만 | ... O3005: ='4월'!L12 -> 010-7270-7613 | P3005: =IF(AND(검색!$C$4<>"",E3005<>"",ISNUMBER(SEARCH(검색!$C$4,E3005)),OR(D3005<>"",F3005<>"",G3005<>"",H3005<>"")),COUNT(P$1:P3004)+1,"")
A3006: 3005 | B3006: 4월 | C3006: 13 | D3006: ='4월'!B13 -> 권은경 | E3006: =IF(D3006<>"",D3006,IF(B3006=B3005,E3005,"")) -> 권은경 | F3006: ='4월'!C13 -> 10000000 | G3006: ='4월'!D13 -> 46118 | H3006: ='4월'!E13 -> 현금 | I3006: ='4월'!F13 -> 800000 | J3006: ='4월'!G13 -> 46179 | K3006: ='4월'!H13 -> 국민은행 | L3006: ='4월'!I13 -> 384702-04-003448 | M3006: ='4월'!J13 -> 권은경 | ... O3006: ='4월'!L13 -> 010-8978-5412 | P3006: =IF(AND(검색!$C$4<>"",E3006<>"",ISNUMBER(SEARCH(검색!$C$4,E3006)),OR(D3006<>"",F3006<>"",G3006<>"",H3006<>"")),COUNT(P$1:P3005)+1,"")
A3007: 3006 | B3007: 4월 | C3007: 14 | D3007: ='4월'!B14 -> 이은영 | E3007: =IF(D3007<>"",D3007,IF(B3007=B3006,E3006,"")) -> 이은영 | F3007: ='4월'!C14 -> 10000000 | G3007: ='4월'!D14 -> 46118 | H3007: ='4월'!E14 -> 현금 | I3007: ='4월'!F14 -> 0 | J3007: ='4월'!G14 -> 46179 | K3007: ='4월'!H14 -> 국민은행 | L3007: ='4월'!I14 -> 011-21-0351-355 | M3007: ='4월'!J14 -> 이은영 | ... O3007: ='4월'!L14 -> 010-3732-9807 | P3007: =IF(AND(검색!$C$4<>"",E3007<>"",ISNUMBER(SEARCH(검색!$C$4,E3007)),OR(D3007<>"",F3007<>"",G3007<>"",H3007<>"")),COUNT(P$1:P3006)+1,"")
... A3116: 3115 | B3116: 4월 | C3116: 123 | D3116: ='4월'!B123 -> 손유림 | E3116: =IF(D3116<>"",D3116,IF(B3116=B3115,E3115,"")) -> 손유림 | F3116: ='4월'!C123 -> 10000000 | G3116: ='4월'!D123 -> 46135 | H3116: ='4월'!E123 -> 현금 | I3116: ='4월'!F123 -> 1200000 | J3116: ='4월'!G123 -> 46196 | K3116: ='4월'!H123 -> 아이엠뱅크 | L3116: ='4월'!I123 -> 036-08-056855 | M3116: ='4월'!J123 -> 손유림 | ... O3116: ='4월'!L123 -> 010-3020-3455 | P3116: =IF(AND(검색!$C$4<>"",E3116<>"",ISNUMBER(SEARCH(검색!$C$4,E3116)),OR(D3116<>"",F3116<>"",G3116<>"",H3116<>"")),COUNT(P$1:P3115)+1,"")
A3117: 3116 | B3117: 4월 | C3117: 124 | D3117: ='4월'!#REF! -> #REF! | E3117: =IF(D3117<>"",D3117,IF(B3117=B3116,E3116,"")) -> #REF! | F3117: ='4월'!#REF! -> #REF! | G3117: ='4월'!#REF! -> #REF! | H3117: ='4월'!#REF! -> #REF! | I3117: ='4월'!#REF! -> #REF! | J3117: ='4월'!#REF! -> #REF! | K3117: ='4월'!#REF! -> #REF! | L3117: ='4월'!#REF! -> #REF! | M3117: ='4월'!#REF! -> #REF! | ... O3117: ='4월'!#REF! -> #REF! | P3117: =IF(AND(검색!$C$4<>"",E3117<>"",ISNUMBER(SEARCH(검색!$C$4,E3117)),OR(D3117<>"",F3117<>"",G3117<>"",H3117<>"")),COUNT(P$1:P3116)+1,"") -> #REF!
A3118: 3117 | B3118: 4월 | C3118: 125 | D3118: ='4월'!B125 -> 안민혁 | E3118: =IF(D3118<>"",D3118,IF(B3118=B3117,E3117,"")) -> 안민혁 | F3118: ='4월'!C125 -> 10000000 | G3118: ='4월'!D125 -> 46131 | H3118: ='4월'!E125 -> 현금 | I3118: ='4월'!F125 -> 1200000 | J3118: ='4월'!G125 -> 46192 | K3118: ='4월'!H125 -> 농협은행 | L3118: ='4월'!I125 -> 3560-5926-30513 | M3118: ='4월'!J125 -> 안민혁 | ... O3118: ='4월'!L125 -> 010-6758-2522 | P3118: =IF(AND(검색!$C$4<>"",E3118<>"",ISNUMBER(SEARCH(검색!$C$4,E3118)),OR(D3118<>"",F3118<>"",G3118<>"",H3118<>"")),COUNT(P$1:P3117)+1,"")
A3119: 3118 | B3119: 4월 | C3119: 126 | D3119: ='4월'!B126 -> 박선민 | E3119: =IF(D3119<>"",D3119,IF(B3119=B3118,E3118,"")) -> 박선민 | F3119: ='4월'!C126 -> 10000000 | G3119: ='4월'!D126 -> 46140 | H3119: ='4월'!E126 -> 현금 | I3119: ='4월'!F126 -> 1200000 | J3119: ='4월'!G126 -> 46201 | K3119: ='4월'!H126 -> 하나은행 | L3119: ='4월'!I126 -> 211-910260-72007 | M3119: ='4월'!J126 -> 박선민 | ... O3119: ='4월'!L126 -> 010-2522-0606 | P3119: =IF(AND(검색!$C$4<>"",E3119<>"",ISNUMBER(SEARCH(검색!$C$4,E3119)),OR(D3119<>"",F3119<>"",G3119<>"",H3119<>"")),COUNT(P$1:P3118)+1,"")
A3120: 3119 | B3120: 4월 | C3120: 127 | D3120: ='4월'!B127 -> 최미숙 | E3120: =IF(D3120<>"",D3120,IF(B3120=B3119,E3119,"")) -> 최미숙 | F3120: ='4월'!C127 -> 10000000 | G3120: ='4월'!D127 -> 46135 | H3120: ='4월'!E127 -> 현금 | I3120: ='4월'!F127 -> 800000 | J3120: ='4월'!G127 -> 46196 | K3120: ='4월'!H127 -> 농협은행 | L3120: ='4월'!I127 -> 3010-33366-5511 | M3120: ='4월'!J127 -> 홍세휘 | ... O3120: ='4월'!L127 -> 010-9572-3788 | P3120: =IF(AND(검색!$C$4<>"",E3120<>"",ISNUMBER(SEARCH(검색!$C$4,E3120)),OR(D3120<>"",F3120<>"",G3120<>"",H3120<>"")),COUNT(P$1:P3119)+1,"")
A3121: 3120 | B3121: 4월 | C3121: 128 | D3121: ='4월'!B128 -> 이재윤 | E3121: =IF(D3121<>"",D3121,IF(B3121=B3120,E3120,"")) -> 이재윤 | F3121: ='4월'!C128 -> 10000000 | G3121: ='4월'!D128 -> 46136 | H3121: ='4월'!E128 -> 현금 | I3121: ='4월'!F128 -> 800000 | J3121: ='4월'!G128 -> 46197 | K3121: ='4월'!H128 -> 기업은행 | L3121: ='4월'!I128 -> 078-225015-01-016 | M3121: ='4월'!J128 -> 이재윤 | ... O3121: ='4월'!L128 -> 010-7600-7061 | P3121: =IF(AND(검색!$C$4<>"",E3121<>"",ISNUMBER(SEARCH(검색!$C$4,E3121)),OR(D3121<>"",F3121<>"",G3121<>"",H3121<>"")),COUNT(P$1:P3120)+1,"")
A3122: 3121 | B3122: 4월 | C3122: 129 | D3122: ='4월'!B129 -> 김요림 | E3122: =IF(D3122<>"",D3122,IF(B3122=B3121,E3121,"")) -> 김요림 | F3122: ='4월'!C129 -> 10000000 | G3122: ='4월'!D129 -> 46132 | H3122: ='4월'!E129 -> 현금 | I3122: ='4월'!F129 -> 500000 | J3122: ='4월'!G129 -> 46193 | K3122: ='4월'!H129 -> 국민은행 | L3122: ='4월'!I129 -> 666202-01-701292 | M3122: ='4월'!J129 -> 김요림 | ... O3122: ='4월'!L129 -> 010-6454-0810 | P3122: =IF(AND(검색!$C$4<>"",E3122<>"",ISNUMBER(SEARCH(검색!$C$4,E3122)),OR(D3122<>"",F3122<>"",G3122<>"",H3122<>"")),COUNT(P$1:P3121)+1,"")
A3123: 3122 | B3123: 4월 | C3123: 130 | D3123: ='4월'!B130 -> 임지연 | E3123: =IF(D3123<>"",D3123,IF(B3123=B3122,E3122,"")) -> 임지연 | F3123: ='4월'!C130 -> 60000000 | G3123: ='4월'!D130 -> 46131 | H3123: ='4월'!E130 -> 현금 | I3123: ='4월'!F130 -> 3000000 | J3123: ='4월'!G130 -> 46192 | K3123: ='4월'!H130 -> 하나은행 | L3123: ='4월'!I130 -> 325-910461-94507 | M3123: ='4월'!J130 -> 임지연 | ... O3123: ='4월'!L130 -> 010-7114-0678 | P3123: =IF(AND(검색!$C$4<>"",E3123<>"",ISNUMBER(SEARCH(검색!$C$4,E3123)),OR(D3123<>"",F3123<>"",G3123<>"",H3123<>"")),COUNT(P$1:P3122)+1,"")
A3124: 3123 | B3124: 4월 | C3124: 131 | D3124: ='4월'!B131 -> 0 | E3124: =IF(D3124<>"",D3124,IF(B3124=B3123,E3123,"")) -> 0 | F3124: ='4월'!C131 -> 0 | G3124: ='4월'!D131 -> 0 | H3124: ='4월'!E131 -> 0 | I3124: ='4월'!F131 -> 0 | J3124: ='4월'!G131 | K3124: ='4월'!H131 -> 0 | L3124: ='4월'!I131 -> 0 | M3124: ='4월'!J131 | ... O3124: ='4월'!L131 -> 0 | P3124: =IF(AND(검색!$C$4<>"",E3124<>"",ISNUMBER(SEARCH(검색!$C$4,E3124)),OR(D3124<>"",F3124<>"",G3124<>"",H3124<>"")),COUNT(P$1:P3123)+1,"")
A3125: 3124 | B3125: 4월 | C3125: 132 | D3125: ='4월'!B132 -> 0 | E3125: =IF(D3125<>"",D3125,IF(B3125=B3124,E3124,"")) -> 0 | F3125: ='4월'!C132 -> 0 | G3125: ='4월'!D132 -> 0 | H3125: ='4월'!E132 -> 0 | I3125: ='4월'!F132 -> 0 | J3125: ='4월'!G132 | K3125: ='4월'!H132 -> 0 | L3125: ='4월'!I132 -> 0 | M3125: ='4월'!J132 | ... O3125: ='4월'!L132 -> 0 | P3125: =IF(AND(검색!$C$4<>"",E3125<>"",ISNUMBER(SEARCH(검색!$C$4,E3125)),OR(D3125<>"",F3125<>"",G3125<>"",H3125<>"")),COUNT(P$1:P3124)+1,"")
A3126: 3125 | B3126: 4월 | C3126: 133 | D3126: ='4월'!B133 -> 0 | E3126: =IF(D3126<>"",D3126,IF(B3126=B3125,E3125,"")) -> 0 | F3126: ='4월'!C133 -> 0 | G3126: ='4월'!D133 -> 0 | H3126: ='4월'!E133 -> 0 | I3126: ='4월'!F133 -> 0 | J3126: ='4월'!G133 | K3126: ='4월'!H133 -> 0 | L3126: ='4월'!I133 -> 0 | M3126: ='4월'!J133 | ... O3126: ='4월'!L133 -> 0 | P3126: =IF(AND(검색!$C$4<>"",E3126<>"",ISNUMBER(SEARCH(검색!$C$4,E3126)),OR(D3126<>"",F3126<>"",G3126<>"",H3126<>"")),COUNT(P$1:P3125)+1,"")
A3127: 3126 | B3127: 4월 | C3127: 134 | D3127: ='4월'!B134 -> 0 | E3127: =IF(D3127<>"",D3127,IF(B3127=B3126,E3126,"")) -> 0 | F3127: ='4월'!C134 -> 0 | G3127: ='4월'!D134 -> 0 | H3127: ='4월'!E134 -> 0 | I3127: ='4월'!F134 -> 0 | J3127: ='4월'!G134 | K3127: ='4월'!H134 -> 0 | L3127: ='4월'!I134 -> 0 | M3127: ='4월'!J134 | ... O3127: ='4월'!L134 -> 0 | P3127: =IF(AND(검색!$C$4<>"",E3127<>"",ISNUMBER(SEARCH(검색!$C$4,E3127)),OR(D3127<>"",F3127<>"",G3127<>"",H3127<>"")),COUNT(P$1:P3126)+1,"")
A3128: 3127 | B3128: 4월 | C3128: 135 | D3128: ='4월'!B135 -> 0 | E3128: =IF(D3128<>"",D3128,IF(B3128=B3127,E3127,"")) -> 0 | F3128: ='4월'!C135 -> 0 | G3128: ='4월'!D135 -> 0 | H3128: ='4월'!E135 -> 0 | I3128: ='4월'!F135 -> 0 | J3128: ='4월'!G135 | K3128: ='4월'!H135 -> 0 | L3128: ='4월'!I135 -> 0 | M3128: ='4월'!J135 | ... O3128: ='4월'!L135 -> 0 | P3128: =IF(AND(검색!$C$4<>"",E3128<>"",ISNUMBER(SEARCH(검색!$C$4,E3128)),OR(D3128<>"",F3128<>"",G3128<>"",H3128<>"")),COUNT(P$1:P3127)+1,"")
A3129: 3128 | B3129: 4월 | C3129: 136 | D3129: ='4월'!B136 -> 0 | E3129: =IF(D3129<>"",D3129,IF(B3129=B3128,E3128,"")) -> 0 | F3129: ='4월'!C136 -> 0 | G3129: ='4월'!D136 -> 0 | H3129: ='4월'!E136 -> 0 | I3129: ='4월'!F136 -> 0 | J3129: ='4월'!G136 | K3129: ='4월'!H136 -> 0 | L3129: ='4월'!I136 -> 0 | M3129: ='4월'!J136 | ... O3129: ='4월'!L136 -> 0 | P3129: =IF(AND(검색!$C$4<>"",E3129<>"",ISNUMBER(SEARCH(검색!$C$4,E3129)),OR(D3129<>"",F3129<>"",G3129<>"",H3129<>"")),COUNT(P$1:P3128)+1,"")
... A3993: 3992 | B3993: 4월 | C3993: 1000 | D3993: ='4월'!B1000 -> 0 | E3993: =IF(D3993<>"",D3993,IF(B3993=B3992,E3992,"")) -> 0 | F3993: ='4월'!C1000 -> 0 | G3993: ='4월'!D1000 -> 0 | H3993: ='4월'!E1000 -> 0 | I3993: ='4월'!F1000 -> 0 | J3993: ='4월'!G1000 -> 0 | K3993: ='4월'!H1000 -> 0 | L3993: ='4월'!I1000 -> 0 | M3993: ='4월'!J1000 -> 0 | ... O3993: ='4월'!L1000 -> 0 | P3993: =IF(AND(검색!$C$4<>"",E3993<>"",ISNUMBER(SEARCH(검색!$C$4,E3993)),OR(D3993<>"",F3993<>"",G3993<>"",H3993<>"")),COUNT(P$1:P3992)+1,"")
A3994: 3993 | B3994: 5월 | C3994: 3 | D3994: ='5월'!B3 -> 0 | E3994: =IF(D3994<>"",D3994,IF(B3994=B3993,E3993,"")) -> 0 | F3994: ='5월'!C3 -> 0 | G3994: ='5월'!D3 -> 0 | H3994: ='5월'!E3 -> 0 | I3994: ='5월'!F3 -> 0 | J3994: ='5월'!G3 | K3994: ='5월'!H3 -> 0 | L3994: ='5월'!I3 -> 0 | M3994: ='5월'!J3 | ... O3994: ='5월'!L3 -> 0 | P3994: =IF(AND(검색!$C$4<>"",E3994<>"",ISNUMBER(SEARCH(검색!$C$4,E3994)),OR(D3994<>"",F3994<>"",G3994<>"",H3994<>"")),COUNT(P$1:P3993)+1,"")
A3995: 3994 | B3995: 5월 | C3995: 4 | D3995: ='5월'!B4 -> 0 | E3995: =IF(D3995<>"",D3995,IF(B3995=B3994,E3994,"")) -> 0 | F3995: ='5월'!C4 -> 0 | G3995: ='5월'!D4 -> 0 | H3995: ='5월'!E4 -> 0 | I3995: ='5월'!F4 -> 0 | J3995: ='5월'!G4 | K3995: ='5월'!H4 -> 0 | L3995: ='5월'!I4 -> 0 | M3995: ='5월'!J4 | ... O3995: ='5월'!L4 -> 0 | P3995: =IF(AND(검색!$C$4<>"",E3995<>"",ISNUMBER(SEARCH(검색!$C$4,E3995)),OR(D3995<>"",F3995<>"",G3995<>"",H3995<>"")),COUNT(P$1:P3994)+1,"")
A3996: 3995 | B3996: 5월 | C3996: 5 | D3996: ='5월'!B5 -> 0 | E3996: =IF(D3996<>"",D3996,IF(B3996=B3995,E3995,"")) -> 0 | F3996: ='5월'!C5 -> 0 | G3996: ='5월'!D5 -> 0 | H3996: ='5월'!E5 -> 0 | I3996: ='5월'!F5 -> 0 | J3996: ='5월'!G5 | K3996: ='5월'!H5 -> 0 | L3996: ='5월'!I5 -> 0 | M3996: ='5월'!J5 | ... O3996: ='5월'!L5 -> 0 | P3996: =IF(AND(검색!$C$4<>"",E3996<>"",ISNUMBER(SEARCH(검색!$C$4,E3996)),OR(D3996<>"",F3996<>"",G3996<>"",H3996<>"")),COUNT(P$1:P3995)+1,"")
A3997: 3996 | B3997: 5월 | C3997: 6 | D3997: ='5월'!B6 -> 0 | E3997: =IF(D3997<>"",D3997,IF(B3997=B3996,E3996,"")) -> 0 | F3997: ='5월'!C6 -> 0 | G3997: ='5월'!D6 -> 0 | H3997: ='5월'!E6 -> 0 | I3997: ='5월'!F6 -> 0 | J3997: ='5월'!G6 | K3997: ='5월'!H6 -> 0 | L3997: ='5월'!I6 -> 0 | M3997: ='5월'!J6 | ... O3997: ='5월'!L6 -> 0 | P3997: =IF(AND(검색!$C$4<>"",E3997<>"",ISNUMBER(SEARCH(검색!$C$4,E3997)),OR(D3997<>"",F3997<>"",G3997<>"",H3997<>"")),COUNT(P$1:P3996)+1,"")
A3998: 3997 | B3998: 5월 | C3998: 7 | D3998: ='5월'!B7 -> 0 | E3998: =IF(D3998<>"",D3998,IF(B3998=B3997,E3997,"")) -> 0 | F3998: ='5월'!C7 -> 0 | G3998: ='5월'!D7 -> 0 | H3998: ='5월'!E7 -> 0 | I3998: ='5월'!F7 -> 0 | J3998: ='5월'!G7 | K3998: ='5월'!H7 -> 0 | L3998: ='5월'!I7 -> 0 | M3998: ='5월'!J7 | ... O3998: ='5월'!L7 -> 0 | P3998: =IF(AND(검색!$C$4<>"",E3998<>"",ISNUMBER(SEARCH(검색!$C$4,E3998)),OR(D3998<>"",F3998<>"",G3998<>"",H3998<>"")),COUNT(P$1:P3997)+1,"")
A3999: 3998 | B3999: 5월 | C3999: 8 | D3999: ='5월'!B8 -> 0 | E3999: =IF(D3999<>"",D3999,IF(B3999=B3998,E3998,"")) -> 0 | F3999: ='5월'!C8 -> 0 | G3999: ='5월'!D8 -> 0 | H3999: ='5월'!E8 -> 0 | I3999: ='5월'!F8 -> 0 | J3999: ='5월'!G8 | K3999: ='5월'!H8 -> 0 | L3999: ='5월'!I8 -> 0 | M3999: ='5월'!J8 | ... O3999: ='5월'!L8 -> 0 | P3999: =IF(AND(검색!$C$4<>"",E3999<>"",ISNUMBER(SEARCH(검색!$C$4,E3999)),OR(D3999<>"",F3999<>"",G3999<>"",H3999<>"")),COUNT(P$1:P3998)+1,"")
A4000: 3999 | B4000: 5월 | C4000: 9 | D4000: ='5월'!B9 -> 0 | E4000: =IF(D4000<>"",D4000,IF(B4000=B3999,E3999,"")) -> 0 | F4000: ='5월'!C9 -> 0 | G4000: ='5월'!D9 -> 0 | H4000: ='5월'!E9 -> 0 | I4000: ='5월'!F9 -> 0 | J4000: ='5월'!G9 | K4000: ='5월'!H9 -> 0 | L4000: ='5월'!I9 -> 0 | M4000: ='5월'!J9 | ... O4000: ='5월'!L9 -> 0 | P4000: =IF(AND(검색!$C$4<>"",E4000<>"",ISNUMBER(SEARCH(검색!$C$4,E4000)),OR(D4000<>"",F4000<>"",G4000<>"",H4000<>"")),COUNT(P$1:P3999)+1,"")
A4001: 4000 | B4001: 5월 | C4001: 10 | D4001: ='5월'!B10 -> 0 | E4001: =IF(D4001<>"",D4001,IF(B4001=B4000,E4000,"")) -> 0 | F4001: ='5월'!C10 -> 0 | G4001: ='5월'!D10 -> 0 | H4001: ='5월'!E10 -> 0 | I4001: ='5월'!F10 -> 0 | J4001: ='5월'!G10 | K4001: ='5월'!H10 -> 0 | L4001: ='5월'!I10 -> 0 | M4001: ='5월'!J10 | ... O4001: ='5월'!L10 -> 0 | P4001: =IF(AND(검색!$C$4<>"",E4001<>"",ISNUMBER(SEARCH(검색!$C$4,E4001)),OR(D4001<>"",F4001<>"",G4001<>"",H4001<>"")),COUNT(P$1:P4000)+1,"")
A4002: 4001 | B4002: 5월 | C4002: 11 | D4002: ='5월'!B11 -> 0 | E4002: =IF(D4002<>"",D4002,IF(B4002=B4001,E4001,"")) -> 0 | F4002: ='5월'!C11 -> 0 | G4002: ='5월'!D11 -> 0 | H4002: ='5월'!E11 -> 0 | I4002: ='5월'!F11 -> 0 | J4002: ='5월'!G11 | K4002: ='5월'!H11 -> 0 | L4002: ='5월'!I11 -> 0 | M4002: ='5월'!J11 | ... O4002: ='5월'!L11 -> 0 | P4002: =IF(AND(검색!$C$4<>"",E4002<>"",ISNUMBER(SEARCH(검색!$C$4,E4002)),OR(D4002<>"",F4002<>"",G4002<>"",H4002<>"")),COUNT(P$1:P4001)+1,"")
A4003: 4002 | B4003: 5월 | C4003: 12 | D4003: ='5월'!B12 -> 0 | E4003: =IF(D4003<>"",D4003,IF(B4003=B4002,E4002,"")) -> 0 | F4003: ='5월'!C12 -> 0 | G4003: ='5월'!D12 -> 0 | H4003: ='5월'!E12 -> 0 | I4003: ='5월'!F12 -> 0 | J4003: ='5월'!G12 | K4003: ='5월'!H12 -> 0 | L4003: ='5월'!I12 -> 0 | M4003: ='5월'!J12 | ... O4003: ='5월'!L12 -> 0 | P4003: =IF(AND(검색!$C$4<>"",E4003<>"",ISNUMBER(SEARCH(검색!$C$4,E4003)),OR(D4003<>"",F4003<>"",G4003<>"",H4003<>"")),COUNT(P$1:P4002)+1,"")
A4004: 4003 | B4004: 5월 | C4004: 13 | D4004: ='5월'!B13 -> 0 | E4004: =IF(D4004<>"",D4004,IF(B4004=B4003,E4003,"")) -> 0 | F4004: ='5월'!C13 -> 0 | G4004: ='5월'!D13 -> 0 | H4004: ='5월'!E13 -> 0 | I4004: ='5월'!F13 -> 0 | J4004: ='5월'!G13 | K4004: ='5월'!H13 -> 0 | L4004: ='5월'!I13 -> 0 | M4004: ='5월'!J13 | ... O4004: ='5월'!L13 -> 0 | P4004: =IF(AND(검색!$C$4<>"",E4004<>"",ISNUMBER(SEARCH(검색!$C$4,E4004)),OR(D4004<>"",F4004<>"",G4004<>"",H4004<>"")),COUNT(P$1:P4003)+1,"")
A4005: 4004 | B4005: 5월 | C4005: 14 | D4005: ='5월'!B14 -> 0 | E4005: =IF(D4005<>"",D4005,IF(B4005=B4004,E4004,"")) -> 0 | F4005: ='5월'!C14 -> 0 | G4005: ='5월'!D14 -> 0 | H4005: ='5월'!E14 -> 0 | I4005: ='5월'!F14 -> 0 | J4005: ='5월'!G14 | K4005: ='5월'!H14 -> 0 | L4005: ='5월'!I14 -> 0 | M4005: ='5월'!J14 | ... O4005: ='5월'!L14 -> 0 | P4005: =IF(AND(검색!$C$4<>"",E4005<>"",ISNUMBER(SEARCH(검색!$C$4,E4005)),OR(D4005<>"",F4005<>"",G4005<>"",H4005<>"")),COUNT(P$1:P4004)+1,"")
... A4991: 4990 | B4991: 5월 | C4991: 1000 | D4991: ='5월'!B1000 -> 0 | E4991: =IF(D4991<>"",D4991,IF(B4991=B4990,E4990,"")) -> 0 | F4991: ='5월'!C1000 -> 0 | G4991: ='5월'!D1000 -> 0 | H4991: ='5월'!E1000 -> 0 | I4991: ='5월'!F1000 -> 0 | J4991: ='5월'!G1000 -> 0 | K4991: ='5월'!H1000 -> 0 | L4991: ='5월'!I1000 -> 0 | M4991: ='5월'!J1000 -> 0 | ... O4991: ='5월'!L1000 -> 0 | P4991: =IF(AND(검색!$C$4<>"",E4991<>"",ISNUMBER(SEARCH(검색!$C$4,E4991)),OR(D4991<>"",F4991<>"",G4991<>"",H4991<>"")),COUNT(P$1:P4990)+1,"")
A4992: 4991 | B4992: 6월 | C4992: 3 | D4992: ='6월'!B3 -> 0 | E4992: =IF(D4992<>"",D4992,IF(B4992=B4991,E4991,"")) -> 0 | F4992: ='6월'!C3 -> 0 | G4992: ='6월'!D3 -> 0 | H4992: ='6월'!E3 -> 0 | I4992: ='6월'!F3 -> 0 | J4992: ='6월'!G3 -> 0 | K4992: ='6월'!H3 -> 0 | L4992: ='6월'!I3 -> 0 | M4992: ='6월'!J3 -> 0 | ... O4992: ='6월'!L3 -> 0 | P4992: =IF(AND(검색!$C$4<>"",E4992<>"",ISNUMBER(SEARCH(검색!$C$4,E4992)),OR(D4992<>"",F4992<>"",G4992<>"",H4992<>"")),COUNT(P$1:P4991)+1,"")
A4993: 4992 | B4993: 6월 | C4993: 4 | D4993: ='6월'!B4 -> 0 | E4993: =IF(D4993<>"",D4993,IF(B4993=B4992,E4992,"")) -> 0 | F4993: ='6월'!C4 -> 0 | G4993: ='6월'!D4 -> 0 | H4993: ='6월'!E4 -> 0 | I4993: ='6월'!F4 -> 0 | J4993: ='6월'!G4 -> 0 | K4993: ='6월'!H4 -> 0 | L4993: ='6월'!I4 -> 0 | M4993: ='6월'!J4 -> 0 | ... O4993: ='6월'!L4 -> 0 | P4993: =IF(AND(검색!$C$4<>"",E4993<>"",ISNUMBER(SEARCH(검색!$C$4,E4993)),OR(D4993<>"",F4993<>"",G4993<>"",H4993<>"")),COUNT(P$1:P4992)+1,"")
A4994: 4993 | B4994: 6월 | C4994: 5 | D4994: ='6월'!B5 -> 0 | E4994: =IF(D4994<>"",D4994,IF(B4994=B4993,E4993,"")) -> 0 | F4994: ='6월'!C5 -> 0 | G4994: ='6월'!D5 -> 0 | H4994: ='6월'!E5 -> 0 | I4994: ='6월'!F5 -> 0 | J4994: ='6월'!G5 -> 0 | K4994: ='6월'!H5 -> 0 | L4994: ='6월'!I5 -> 0 | M4994: ='6월'!J5 -> 0 | ... O4994: ='6월'!L5 -> 0 | P4994: =IF(AND(검색!$C$4<>"",E4994<>"",ISNUMBER(SEARCH(검색!$C$4,E4994)),OR(D4994<>"",F4994<>"",G4994<>"",H4994<>"")),COUNT(P$1:P4993)+1,"")
A4995: 4994 | B4995: 6월 | C4995: 6 | D4995: ='6월'!B6 -> 0 | E4995: =IF(D4995<>"",D4995,IF(B4995=B4994,E4994,"")) -> 0 | F4995: ='6월'!C6 -> 0 | G4995: ='6월'!D6 -> 0 | H4995: ='6월'!E6 -> 0 | I4995: ='6월'!F6 -> 0 | J4995: ='6월'!G6 -> 0 | K4995: ='6월'!H6 -> 0 | L4995: ='6월'!I6 -> 0 | M4995: ='6월'!J6 -> 0 | ... O4995: ='6월'!L6 -> 0 | P4995: =IF(AND(검색!$C$4<>"",E4995<>"",ISNUMBER(SEARCH(검색!$C$4,E4995)),OR(D4995<>"",F4995<>"",G4995<>"",H4995<>"")),COUNT(P$1:P4994)+1,"")
A4996: 4995 | B4996: 6월 | C4996: 7 | D4996: ='6월'!B7 -> 0 | E4996: =IF(D4996<>"",D4996,IF(B4996=B4995,E4995,"")) -> 0 | F4996: ='6월'!C7 -> 0 | G4996: ='6월'!D7 -> 0 | H4996: ='6월'!E7 -> 0 | I4996: ='6월'!F7 -> 0 | J4996: ='6월'!G7 -> 0 | K4996: ='6월'!H7 -> 0 | L4996: ='6월'!I7 -> 0 | M4996: ='6월'!J7 -> 0 | ... O4996: ='6월'!L7 -> 0 | P4996: =IF(AND(검색!$C$4<>"",E4996<>"",ISNUMBER(SEARCH(검색!$C$4,E4996)),OR(D4996<>"",F4996<>"",G4996<>"",H4996<>"")),COUNT(P$1:P4995)+1,"")
...
